source_row_id,entity_id,type,payment_id,refund_id,order_id,method,gross_paise,fee_paise,tax_paise,net_paise,captured_at,settlement_id,settlement_utr,settlement_processed_at
recon:2,adj_4IDUX9g16EPOSF,adjustment,,,,,23607,0,0,23607,2026-08-18T17:00:00,setl_miHjNYoaibivzK,,2026-08-20T17:00:00
recon:3,adj_7hfxUJCf67Jruk,adjustment,,,,,-1263,0,0,-1263,2026-08-11T14:00:00,setl_actrKB2ty7ejUN,,2026-08-13T17:00:00
recon:4,adj_96R5bbIPRUhF8H,adjustment,,,,,-954,0,0,-954,2026-08-06T16:00:00,setl_7sAQBptvWq3587,,2026-08-10T17:00:00
recon:5,adj_B45GZDqr2RP4RF,adjustment,,,,,1543,0,0,1543,2026-07-22T14:00:00,setl_gwP280Jo59JRJO,,2026-07-24T17:00:00
recon:6,adj_P9k3P70RbSHAYv,adjustment,,,,,1689,0,0,1689,2026-07-17T10:00:00,setl_uPHQccb6jE2RlU,,2026-07-21T17:00:00
recon:7,adj_QZisd4xdC04UA6,adjustment,,,,,76838,0,0,76838,2026-08-17T17:00:00,setl_eDqmctn1udjoIY,,2026-08-19T17:00:00
recon:8,adj_injected_twin_444443186,adjustment,,,,,-58371730,0,0,-58371730,2026-07-18T15:19:00,setl_uPHQccb6jE2RlU,,2026-07-21T17:00:00
recon:9,adj_missing_42,adjustment,,,,,135756,0,0,135756,2026-08-05T10:09:00,setl_ApwuSoEmcLVyrK,,2026-08-07T17:00:00
recon:10,pay_00ndljdPwcj2cQ,payment,,,order_000340,CARD,997028,19941,3589,973498,2026-07-16T15:32:00,setl_4V0jo5CDCiKBzR,GGOA1HRDCWJ28EBX,2026-07-20T17:00:00
recon:11,pay_02atqnjsbbPPWA,payment,,,order_000886,UPI,459620,0,0,459620,2026-08-10T19:19:00,setl_g9a5WKCidSlh3E,7548534651v4iicp,2026-08-12T17:00:00
recon:12,pay_06Dwt0Y3oobQmz,payment,,,order_000023,UPI,137949,0,0,137949,2026-07-21T14:07:00,setl_jOSX0CoSNm5HMM,JLPW1OWOIO11F6WC,2026-07-23T17:00:00
recon:13,pay_07Ck73lzsaI1vW,payment,,,order_000776,UPI,549812,0,0,549812,2026-07-28T13:40:00,setl_YEcxuqKeZl7OQe,NXIC1EVV1RBFYNU2,2026-07-30T17:00:00
recon:14,pay_08V4UnBHrK4Nug,payment,,,order_000717,NETBANKING,65955,1860,335,63760,2026-07-26T16:04:00,setl_l04NvnxPd5yp15,7311804671rgpa5u,2026-07-28T17:00:00
recon:15,pay_0CpzaBd9eZZrI0,payment,,,order_000965,CARD,137251,2745,494,134012,2026-07-28T14:48:00,setl_YEcxuqKeZl7OQe,NXIC1EVV1RBFYNU2,2026-07-30T17:00:00
recon:16,pay_0FgrLsN1He1Nsi,payment,,,order_000956,UPI,2014703,0,0,2014703,2026-07-17T12:29:00,setl_uPHQccb6jE2RlU,JFKO1MH1BTOHNZ7F,2026-07-21T17:00:00
recon:17,pay_0I5sCNxZR8SZ84,payment,,,order_000399,UPI,718062,0,0,718062,2026-08-01T21:43:00,setl_Awp1O7n8ORK56S,31916543016vlohj,2026-08-04T17:00:00
recon:18,pay_0LrYkMQBJ5GjDU,payment,,,,UPI,635465,0,0,635465,2026-08-09T13:29:00,setl_K4r4AqbHWR1QSJ,HBSK160I4N87RGPK,2026-08-11T17:00:00
recon:19,pay_0R3BVGH2lGxRSc,payment,,,order_000848,UPI,21832,0,0,21832,2026-07-25T15:39:00,setl_l04NvnxPd5yp15,7311804671rgpa5u,2026-07-28T17:00:00
recon:20,pay_0SImE7WOwbv2yY,payment,,,order_000971,UPI,78886,0,0,78886,2026-08-10T10:32:00,setl_g9a5WKCidSlh3E,7548534651v4iicp,2026-08-12T17:00:00
recon:21,pay_0a5w9A4Qhj5SKN,payment,,,order_001033,UPI,2406158,0,0,2406158,2026-08-13T17:57:00,setl_eo7IJxd4ns4lm1,VXEB1PMT3SLQ0NGB,2026-08-17T17:00:00
recon:22,pay_0kSqGewAMU0JVu,payment,,,order_000446,UPI,1686897,0,0,1686897,2026-07-29T14:54:00,setl_JFwZldEZaZibqk,FVAC15GIFJTEMP1Z,2026-07-31T17:00:00
recon:23,pay_0mTFMTlEsURL33,payment,,,order_000873,UPI,107217,0,0,107217,2026-08-07T11:13:00,setl_K4r4AqbHWR1QSJ,HBSK160I4N87RGPK,2026-08-11T17:00:00
recon:24,pay_0tbP95Mc1VQZ8d,payment,,,order_000443,UPI,1287780,0,0,1287780,2026-07-23T17:19:00,setl_Wqijn9nSjj8k6T,1944258921llwzdy,2026-07-27T17:00:00
recon:25,pay_0urUAMPfmCn60A,payment,,,order_000214,UPI,502922,0,0,502922,2026-08-12T15:24:00,setl_mvLvOR1E9aJ8BZ,STGC1QX9TMQUZYOF,2026-08-14T17:00:00
recon:26,pay_0uuJOmNn7Iz8Bh,payment,,,order_000539,UPI,667701,0,0,667701,2026-07-19T12:15:00,setl_uPHQccb6jE2RlU,JFKO1MH1BTOHNZ7F,2026-07-21T17:00:00
recon:27,pay_0y1ahXTpyXCpVc,payment,,,order_000303,UPI,1774848,0,0,1774848,2026-07-18T20:40:00,setl_uPHQccb6jE2RlU,JFKO1MH1BTOHNZ7F,2026-07-21T17:00:00
recon:28,pay_0zTVcwPYC2DK3H,payment,,,order_000828,NETBANKING,920984,10410,1874,908700,2026-07-23T16:21:00,setl_Wqijn9nSjj8k6T,1944258921llwzdy,2026-07-27T17:00:00
recon:29,pay_15qhODBLk4TS3Y,payment,,,order_000824,UPI,19171,0,0,19171,2026-08-09T16:12:00,setl_K4r4AqbHWR1QSJ,HBSK160I4N87RGPK,2026-08-11T17:00:00
recon:30,pay_19X3NAdmnvJ4kQ,payment,,,order_000860,CARD,239127,4783,861,233483,2026-07-20T18:20:00,setl_Fk6cmhmyNwwTjH,2092973521xwnpjk,2026-07-22T17:00:00
recon:31,pay_1A16zD9W45cyoS,payment,,,order_001189,UPI,1960426,0,0,1960426,2026-07-16T17:44:00,setl_4V0jo5CDCiKBzR,GGOA1HRDCWJ28EBX,2026-07-20T17:00:00
recon:32,pay_1Egr1CRiqyocZf,payment,,,order_001138,UPI,1243380,0,0,1243380,2026-08-07T11:54:00,setl_K4r4AqbHWR1QSJ,HBSK160I4N87RGPK,2026-08-11T17:00:00
recon:33,pay_1ITtNZPHaQ0Jt7,payment,,,order_000018,UPI,76836,0,0,76836,2026-07-27T14:42:00,setl_o2J8tXhPJuja4Q,YMFM1D6SZO4XYEUR,2026-07-29T17:00:00
recon:34,pay_1Iv8bh4qlL9qcg,payment,,,order_000024,CARD,1162436,23249,4185,1135002,2026-08-09T14:52:00,setl_K4r4AqbHWR1QSJ,HBSK160I4N87RGPK,2026-08-11T17:00:00
recon:35,pay_1P7cipXfrj8OMa,payment,,,,UPI,15456,0,0,15456,2026-07-19T15:28:00,setl_uPHQccb6jE2RlU,JFKO1MH1BTOHNZ7F,2026-07-21T17:00:00
recon:36,pay_1TS5QYjkphcuKi,payment,,,order_000403,CARD,2368618,47372,8527,2312719,2026-07-21T13:21:00,setl_jOSX0CoSNm5HMM,JLPW1OWOIO11F6WC,2026-07-23T17:00:00
recon:37,pay_1XIDGhEQNrYfwY,payment,,,order_000969,CARD,637401,12748,2295,622358,2026-07-21T11:35:00,setl_jOSX0CoSNm5HMM,JLPW1OWOIO11F6WC,2026-07-23T17:00:00
recon:38,pay_1ZEvsGkfrxTWAx,payment,,,order_000478,UPI,15107,0,0,15107,2026-08-12T13:32:00,setl_mvLvOR1E9aJ8BZ,STGC1QX9TMQUZYOF,2026-08-14T17:00:00
recon:39,pay_1edazs9RNntXUa,payment,,,order_001169,UPI,1118650,0,0,1118650,2026-08-07T18:32:00,setl_K4r4AqbHWR1QSJ,HBSK160I4N87RGPK,2026-08-11T17:00:00
recon:40,pay_1exN6uL51CEvTl,payment,,,order_000863,NETBANKING,127754,2478,446,124830,2026-08-14T14:39:00,setl_toQCTLAGVSRZQz,8008529461djf52s,2026-08-18T17:00:00
recon:41,pay_1hhJTsi3wtCBJ8,payment,,,,UPI,2377729,0,0,2377729,2026-07-29T13:17:00,setl_JFwZldEZaZibqk,FVAC15GIFJTEMP1Z,2026-07-31T17:00:00
recon:42,pay_1iuHKmFVcYPIuR,payment,,,order_001053,CARD,73869,1477,266,72126,2026-08-12T17:16:00,setl_mvLvOR1E9aJ8BZ,STGC1QX9TMQUZYOF,2026-08-14T17:00:00
recon:43,pay_1niZYoSOfHjNCe,payment,,,order_001002,UPI,612887,0,0,612887,2026-07-26T19:52:00,setl_l04NvnxPd5yp15,7311804671rgpa5u,2026-07-28T17:00:00
recon:44,pay_1vl4PZFxpzETr7,payment,,,order_000925,UPI,1565672,0,0,1565672,2026-08-08T15:59:00,setl_K4r4AqbHWR1QSJ,HBSK160I4N87RGPK,2026-08-11T17:00:00
recon:45,pay_28EGFyW31SLSJ7,payment,,,order_000922,CARD,2115226,42305,7615,2065306,2026-07-30T16:54:00,setl_DIKPDzcK9HEnek,PHCZ1LI2YB3V7848,2026-08-03T17:00:00
recon:46,pay_2AeHxeFtVtAbbs,payment,,,order_000976,UPI,210754,0,0,210754,2026-07-20T16:56:00,setl_Fk6cmhmyNwwTjH,2092973521xwnpjk,2026-07-22T17:00:00
recon:47,pay_2FIZaM4FpnLQED,payment,,,order_000339,NETBANKING,537727,6577,1184,529966,2026-07-22T10:01:00,setl_Ezf6dJDcGlyMFY,823601071261,2026-07-24T17:00:00
recon:48,pay_2b19kEWoaaQ2GB,payment,,,order_001036,CARD,2023352,40467,7284,1975601,2026-08-03T17:48:00,setl_ckhLew1bXwFZyr,974700026871,2026-08-05T17:00:00
recon:49,pay_2v2R2Iy9uOT4WF,payment,,,order_000056,CARD,1064384,21288,3832,1039264,2026-08-10T13:32:00,setl_g9a5WKCidSlh3E,7548534651v4iicp,2026-08-12T17:00:00
recon:50,pay_2yR5IvyWViYSUf,payment,,,order_000150,UPI,813043,0,0,813043,2026-07-28T11:49:00,setl_YEcxuqKeZl7OQe,NXIC1EVV1RBFYNU2,2026-07-30T17:00:00
recon:51,pay_32VUdTiHnJuQEH,payment,,,order_000119,CARD,2120686,42414,7635,2070637,2026-07-29T13:12:00,setl_JFwZldEZaZibqk,FVAC15GIFJTEMP1Z,2026-07-31T17:00:00
recon:52,pay_37FPk3HElE5yaQ,payment,,,order_000786,CARD,363266,7265,1308,354693,2026-08-05T13:06:00,setl_ApwuSoEmcLVyrK,FOOC1HWIYOUNDX3A,2026-08-07T17:00:00
recon:53,pay_3I7rJCi8SIlLMD,payment,,,order_000296,UPI,557400,0,0,557400,2026-08-06T17:39:00,setl_7sAQBptvWq3587,HJWI1ETHZPPQR2SO,2026-08-10T17:00:00
recon:54,pay_3K8cujNfG0X2QV,payment,,,order_001072,UPI,371777,0,0,371777,2026-07-27T21:32:00,setl_o2J8tXhPJuja4Q,YMFM1D6SZO4XYEUR,2026-07-29T17:00:00
recon:55,pay_3KPgjD4gVhpb5D,payment,,,order_000661,UPI,249432,0,0,249432,2026-07-22T10:26:00,setl_Ezf6dJDcGlyMFY,823601071261,2026-07-24T17:00:00
recon:56,pay_3Lu1RYgcamUXbD,payment,,,,UPI,252777,0,0,252777,2026-08-10T19:26:00,setl_g9a5WKCidSlh3E,7548534651v4iicp,2026-08-12T17:00:00
recon:57,pay_3RgBIbazhakPED,payment,,,order_000466,UPI,921726,0,0,921726,2026-07-21T15:55:00,setl_jOSX0CoSNm5HMM,JLPW1OWOIO11F6WC,2026-07-23T17:00:00
recon:58,pay_3aWZkSBvrjn9Wv,payment,,,order_000001,UPI,207314,0,0,207314,2026-08-07T19:05:00,setl_K4r4AqbHWR1QSJ,HBSK160I4N87RGPK,2026-08-11T17:00:00
recon:59,pay_3aue5diGZCBQEu,payment,,,order_000741,CARD,82505,1650,297,80558,2026-07-23T15:21:00,setl_Wqijn9nSjj8k6T,1944258921llwzdy,2026-07-27T17:00:00
recon:60,pay_3g32CgH6DaUjA3,payment,,,order_000055,UPI,880557,0,0,880557,2026-07-20T16:43:00,setl_Fk6cmhmyNwwTjH,2092973521xwnpjk,2026-07-22T17:00:00
recon:61,pay_3hXZpnZVLSw3TN,payment,,,order_000168,UPI,33801,0,0,33801,2026-07-17T17:00:00,setl_uPHQccb6jE2RlU,JFKO1MH1BTOHNZ7F,2026-07-21T17:00:00
recon:62,pay_3k04ROPaoST3sc,payment,,,order_001091,UPI,184360,0,0,184360,2026-07-25T18:14:00,setl_l04NvnxPd5yp15,7311804671rgpa5u,2026-07-28T17:00:00
recon:63,pay_3vCvB003PMituM,payment,,,order_000155,UPI,373626,0,0,373626,2026-07-25T10:18:00,setl_l04NvnxPd5yp15,7311804671rgpa5u,2026-07-28T17:00:00
recon:64,pay_3yHulCOae3Fe9m,payment,,,,NETBANKING,137961,2580,464,134917,2026-07-17T13:29:00,setl_uPHQccb6jE2RlU,JFKO1MH1BTOHNZ7F,2026-07-21T17:00:00
recon:65,pay_41PaOtNfdyVa4f,payment,,,order_001070,UPI,929326,0,0,929326,2026-08-08T13:00:00,setl_K4r4AqbHWR1QSJ,HBSK160I4N87RGPK,2026-08-11T17:00:00
recon:66,pay_41qnGbtan1l3vn,payment,,,order_000895,CARD,813467,16269,2928,794270,2026-07-27T19:09:00,setl_o2J8tXhPJuja4Q,YMFM1D6SZO4XYEUR,2026-07-29T17:00:00
recon:67,pay_44bpnegMcCMRT3,payment,,,order_000135,CARD,1473292,29466,5304,1438522,2026-07-19T13:02:00,setl_uPHQccb6jE2RlU,JFKO1MH1BTOHNZ7F,2026-07-21T17:00:00
recon:68,pay_4AqyPFKMEclrzj,payment,,,order_000212,UPI,1939977,0,0,1939977,2026-08-03T13:46:00,setl_ckhLew1bXwFZyr,974700026871,2026-08-05T17:00:00
recon:69,pay_4Riv5FwWmk866Z,payment,,,order_000227,CARD,298619,5972,1075,291572,2026-07-25T17:46:00,setl_l04NvnxPd5yp15,7311804671rgpa5u,2026-07-28T17:00:00
recon:70,pay_4fyNsDO9j3kOZ7,payment,,,order_000292,CARD,1363039,27261,4907,1330871,2026-07-27T17:26:00,setl_o2J8tXhPJuja4Q,YMFM1D6SZO4XYEUR,2026-07-29T17:00:00
recon:71,pay_4hv7ntDpxZxQk8,payment,,,,NETBANKING,1080701,12007,2161,1066533,2026-08-14T13:27:00,setl_toQCTLAGVSRZQz,8008529461djf52s,2026-08-18T17:00:00
recon:72,pay_4n0AEU28HgpZBC,payment,,,order_001061,UPI,348081,0,0,348081,2026-07-26T12:19:00,setl_l04NvnxPd5yp15,7311804671rgpa5u,2026-07-28T17:00:00
recon:73,pay_4nZRPjXTk9GHUM,payment,,,order_000624,CARD,1297728,25955,4672,1267101,2026-07-20T20:05:00,setl_Fk6cmhmyNwwTjH,2092973521xwnpjk,2026-07-22T17:00:00
recon:74,pay_4nxyz4Mf03Wbyj,payment,,,order_001024,UPI,22623,0,0,22623,2026-08-12T09:22:00,setl_mvLvOR1E9aJ8BZ,STGC1QX9TMQUZYOF,2026-08-14T17:00:00
recon:75,pay_503FoTdHbBKuJe,payment,,,order_000471,CARD,2188754,43775,7880,2137099,2026-07-28T19:19:00,setl_YEcxuqKeZl7OQe,NXIC1EVV1RBFYNU2,2026-07-30T17:00:00
recon:76,pay_51n8MOhT9hf2Mi,payment,,,order_000374,UPI,892206,0,0,892206,2026-07-17T12:56:00,setl_uPHQccb6jE2RlU,JFKO1MH1BTOHNZ7F,2026-07-21T17:00:00
recon:77,pay_52TcGK5HZKRNjh,payment,,,order_000209,UPI,30491,0,0,30491,2026-08-02T18:32:00,setl_Awp1O7n8ORK56S,31916543016vlohj,2026-08-04T17:00:00
recon:78,pay_52gfZ1gfPbN7Ag,payment,,,order_000637,UPI,2200953,0,0,2200953,2026-08-07T18:54:00,setl_K4r4AqbHWR1QSJ,HBSK160I4N87RGPK,2026-08-11T17:00:00
recon:79,pay_567VeXHiSqMIKW,payment,,,order_001116,UPI,1377020,0,0,1377020,2026-08-03T15:37:00,setl_ckhLew1bXwFZyr,974700026871,2026-08-05T17:00:00
recon:80,pay_57Y3c5wnRpQgwX,payment,,,order_000021,CARD,251132,5023,904,245205,2026-07-27T20:54:00,setl_o2J8tXhPJuja4Q,YMFM1D6SZO4XYEUR,2026-07-29T17:00:00
recon:81,pay_57cBg7TYHum1JQ,payment,,,order_000721,NETBANKING,1191046,13110,2360,1175576,2026-07-30T20:25:00,setl_DIKPDzcK9HEnek,PHCZ1LI2YB3V7848,2026-08-03T17:00:00
recon:82,pay_5EfFlDl03lmKF8,payment,,,order_000605,NETBANKING,352700,4727,851,347122,2026-07-20T19:01:00,setl_Fk6cmhmyNwwTjH,2092973521xwnpjk,2026-07-22T17:00:00
recon:83,pay_5MruXxOgQ4R9OW,payment,,,order_000775,UPI,132829,0,0,132829,2026-08-08T17:45:00,setl_K4r4AqbHWR1QSJ,HBSK160I4N87RGPK,2026-08-11T17:00:00
recon:84,pay_5QhQi7IOUFfYSv,payment,,,order_000561,NETBANKING,578756,6988,1258,570510,2026-07-28T17:14:00,setl_YEcxuqKeZl7OQe,NXIC1EVV1RBFYNU2,2026-07-30T17:00:00
recon:85,pay_5VGgGZXjbLYyEL,payment,,,order_000623,NETBANKING,287782,4078,734,282970,2026-08-08T14:19:00,setl_K4r4AqbHWR1QSJ,HBSK160I4N87RGPK,2026-08-11T17:00:00
recon:86,pay_5WOZaWjQjCIsyN,payment,,,order_000359,UPI,1971274,0,0,1971274,2026-08-06T09:57:00,setl_7sAQBptvWq3587,HJWI1ETHZPPQR2SO,2026-08-10T17:00:00
recon:87,pay_5ZRhI3p2Cya69z,payment,,,order_000444,UPI,1234796,0,0,1234796,2026-07-24T21:20:00,setl_l04NvnxPd5yp15,7311804671rgpa5u,2026-07-28T17:00:00
recon:88,pay_5dlcadQVunsEr6,payment,,,order_000595,UPI,166568,0,0,166568,2026-07-24T16:09:00,setl_l04NvnxPd5yp15,7311804671rgpa5u,2026-07-28T17:00:00
recon:89,pay_5doVSI82hJEz6P,payment,,,order_001000,CARD,1213651,24273,4369,1185009,2026-08-14T14:05:00,setl_toQCTLAGVSRZQz,8008529461djf52s,2026-08-18T17:00:00
recon:90,pay_5hLE76qPbcvAqm,payment,,,order_000692,UPI,755659,0,0,755659,2026-08-04T20:36:00,setl_zttIQWBFztKCLC,163656045001,2026-08-06T17:00:00
recon:91,pay_5k8A0htXu4tnTZ,payment,,,order_001199,CARD,167606,3352,603,163651,2026-08-06T16:08:00,setl_7sAQBptvWq3587,HJWI1ETHZPPQR2SO,2026-08-10T17:00:00
recon:92,pay_5lXyctlov3RL2F,payment,,,order_000914,UPI,1632562,0,0,1632562,2026-07-31T13:55:00,setl_Awp1O7n8ORK56S,31916543016vlohj,2026-08-04T17:00:00
recon:93,pay_5nfv7pNhfZqYMI,payment,,,order_000993,UPI,1982490,0,0,1982490,2026-08-14T18:23:00,setl_toQCTLAGVSRZQz,8008529461djf52s,2026-08-18T17:00:00
recon:94,pay_5pKHkRykirtrFj,payment,,,order_000154,NETBANKING,2032934,21529,3875,2007530,2026-07-25T17:17:00,setl_l04NvnxPd5yp15,7311804671rgpa5u,2026-07-28T17:00:00
recon:95,pay_5s8WKQjZKU67Cv,payment,,,order_000405,UPI,232074,0,0,232074,2026-08-08T20:41:00,setl_K4r4AqbHWR1QSJ,HBSK160I4N87RGPK,2026-08-11T17:00:00
recon:96,pay_5sXZoMZwoOmNqR,payment,,,order_000060,CARD,1738647,34773,6259,1697615,2026-08-09T13:16:00,setl_K4r4AqbHWR1QSJ,HBSK160I4N87RGPK,2026-08-11T17:00:00
recon:97,pay_5tGtQAuzSsJimA,payment,,,order_000026,UPI,53595,0,0,53595,2026-07-18T16:18:00,setl_uPHQccb6jE2RlU,JFKO1MH1BTOHNZ7F,2026-07-21T17:00:00
recon:98,pay_5xUJIjuVOwAlLz,payment,,,order_000902,CARD,361231,7225,1301,352705,2026-07-18T15:59:00,setl_uPHQccb6jE2RlU,JFKO1MH1BTOHNZ7F,2026-07-21T17:00:00
recon:99,pay_63qopdPRJbdP1S,payment,,,order_000890,UPI,48006,0,0,48006,2026-08-11T11:04:00,setl_actrKB2ty7ejUN,BAEX1WGIHN3VZW7Z,2026-08-13T17:00:00
recon:100,pay_64dpFeZ8K5NS1W,payment,,,,NETBANKING,1440324,15603,2809,1421912,2026-07-22T19:22:00,setl_Ezf6dJDcGlyMFY,823601071261,2026-07-24T17:00:00
recon:101,pay_687BT6wfLaNGz2,payment,,,order_000360,CARD,1162573,23251,4185,1135137,2026-08-13T15:36:00,setl_eo7IJxd4ns4lm1,VXEB1PMT3SLQ0NGB,2026-08-17T17:00:00
recon:102,pay_68tGf0vlWzMjuY,payment,,,order_001197,UPI,2196038,0,0,2196038,2026-08-07T12:05:00,setl_K4r4AqbHWR1QSJ,HBSK160I4N87RGPK,2026-08-11T17:00:00
recon:103,pay_6A5D82HYRx8bCj,payment,,,order_000479,UPI,471964,0,0,471964,2026-08-09T20:31:00,setl_K4r4AqbHWR1QSJ,HBSK160I4N87RGPK,2026-08-11T17:00:00
recon:104,pay_6HKKSIHzWIPmsu,payment,,,order_000846,CARD,1080489,21610,3890,1054989,2026-08-03T14:11:00,setl_ckhLew1bXwFZyr,974700026871,2026-08-05T17:00:00
recon:105,pay_6JNu4U4YradfFH,payment,,,order_001155,CARD,643974,12879,2318,628777,2026-07-22T15:12:00,setl_gwP280Jo59JRJO,176484673571,2026-07-24T17:00:00
recon:106,pay_6QfZQ6u3G5hbZi,payment,,,order_000870,UPI,2088040,0,0,2088040,2026-08-02T13:00:00,setl_Awp1O7n8ORK56S,31916543016vlohj,2026-08-04T17:00:00
recon:107,pay_6Se3thvkbIucDQ,payment,,,order_000432,UPI,887468,0,0,887468,2026-08-06T14:42:00,setl_7sAQBptvWq3587,HJWI1ETHZPPQR2SO,2026-08-10T17:00:00
recon:108,pay_6SiP7aMEa5aRlA,payment,,,order_000502,CARD,283092,5662,1019,276411,2026-07-26T17:13:00,setl_l04NvnxPd5yp15,7311804671rgpa5u,2026-07-28T17:00:00
recon:109,pay_6loAtkHeo3fNdK,payment,,,order_000936,UPI,207760,0,0,207760,2026-07-30T14:40:00,setl_DIKPDzcK9HEnek,PHCZ1LI2YB3V7848,2026-08-03T17:00:00
recon:110,pay_6naek2cqUEYeoD,payment,,,,UPI,817248,0,0,817248,2026-08-03T13:10:00,setl_ckhLew1bXwFZyr,974700026871,2026-08-05T17:00:00
recon:111,pay_6pSLzSNJCt7GyK,payment,,,order_001118,CARD,962259,19245,3464,939550,2026-07-24T21:17:00,setl_l04NvnxPd5yp15,7311804671rgpa5u,2026-07-28T17:00:00
recon:112,pay_6qMWg7oQrjgnJ1,payment,,,order_000718,UPI,221801,0,0,221801,2026-07-24T17:13:00,setl_l04NvnxPd5yp15,7311804671rgpa5u,2026-07-28T17:00:00
recon:113,pay_6r0jedkYtMV0K6,payment,,,order_000047,UPI,1057285,0,0,1057285,2026-08-03T13:00:00,setl_ckhLew1bXwFZyr,974700026871,2026-08-05T17:00:00
recon:114,pay_6xRKvjcxyecdA9,payment,,,order_001171,UPI,1412971,0,0,1412971,2026-07-26T14:03:00,setl_l04NvnxPd5yp15,7311804671rgpa5u,2026-07-28T17:00:00
recon:115,pay_71qyTwe33k9seI,payment,,,order_000691,UPI,2213631,0,0,2213631,2026-08-04T21:01:00,setl_zttIQWBFztKCLC,163656045001,2026-08-06T17:00:00
recon:116,pay_72znD0YmTvgWAc,payment,,,order_000241,UPI,102403,0,0,102403,2026-08-08T18:42:00,setl_K4r4AqbHWR1QSJ,HBSK160I4N87RGPK,2026-08-11T17:00:00
recon:117,pay_757I8ZfpxRSWNK,payment,,,order_001104,CARD,37463,749,135,36579,2026-08-06T11:51:00,setl_7sAQBptvWq3587,HJWI1ETHZPPQR2SO,2026-08-10T17:00:00
recon:118,pay_76c1zYFl7V937s,payment,,,order_000124,UPI,1758431,0,0,1758431,2026-08-12T10:02:00,setl_mvLvOR1E9aJ8BZ,STGC1QX9TMQUZYOF,2026-08-14T17:00:00
recon:119,pay_774Z6nh6OV8RYb,payment,,,order_000898,UPI,186526,0,0,186526,2026-08-09T13:57:00,setl_K4r4AqbHWR1QSJ,HBSK160I4N87RGPK,2026-08-11T17:00:00
recon:120,pay_7C2xfIU1mdryRM,payment,,,order_000139,UPI,1054297,0,0,1054297,2026-07-20T19:00:00,setl_Fk6cmhmyNwwTjH,2092973521xwnpjk,2026-07-22T17:00:00
recon:121,pay_7El68vyk9Kkz8L,payment,,,order_001057,CARD,1311901,26238,4723,1280940,2026-07-18T17:10:00,setl_uPHQccb6jE2RlU,JFKO1MH1BTOHNZ7F,2026-07-21T17:00:00
recon:122,pay_7FcCwTJFDFh2U3,payment,,,order_000457,CARD,2476209,49524,8914,2417771,2026-07-24T13:16:00,setl_l04NvnxPd5yp15,7311804671rgpa5u,2026-07-28T17:00:00
recon:123,pay_7HqF4fpMhXZuv1,payment,,,order_000441,NETBANKING,2256175,23762,4277,2228136,2026-08-14T12:14:00,setl_toQCTLAGVSRZQz,8008529461djf52s,2026-08-18T17:00:00
recon:124,pay_7JDPJesQeqgmUL,payment,,,order_000261,CARD,1816279,36326,6539,1773414,2026-07-19T13:08:00,setl_uPHQccb6jE2RlU,JFKO1MH1BTOHNZ7F,2026-07-21T17:00:00
recon:125,pay_7KUOdHmxDjpjVR,payment,,,order_000437,CARD,2058542,41171,7411,2009960,2026-08-05T21:29:00,setl_lxwhkHkDARnBtp,594898959651,2026-08-07T17:00:00
recon:126,pay_7NYwoQL0lytUSs,payment,,,order_000201,NETBANKING,1210349,13303,2395,1194651,2026-07-31T17:19:00,setl_Awp1O7n8ORK56S,31916543016vlohj,2026-08-04T17:00:00
recon:127,pay_7OVtBzbl8VqUPV,payment,,,,CARD,30416,608,109,29699,2026-08-08T14:00:00,setl_K4r4AqbHWR1QSJ,HBSK160I4N87RGPK,2026-08-11T17:00:00
recon:128,pay_7V3HVheA99xKMT,payment,,,order_001184,UPI,1343404,0,0,1343404,2026-07-24T13:35:00,setl_l04NvnxPd5yp15,7311804671rgpa5u,2026-07-28T17:00:00
recon:129,pay_7Vd1HtKURuJIbn,payment,,,order_000347,UPI,1662225,0,0,1662225,2026-08-12T19:23:00,setl_mvLvOR1E9aJ8BZ,STGC1QX9TMQUZYOF,2026-08-14T17:00:00
recon:130,pay_7WOddwPjSIYgiF,payment,,,order_000306,CARD,966062,19321,3478,943263,2026-07-18T14:34:00,setl_uPHQccb6jE2RlU,JFKO1MH1BTOHNZ7F,2026-07-21T17:00:00
recon:131,pay_7cQyrjSv5zKaGT,payment,,,order_000377,CARD,1033922,20678,3722,1009522,2026-08-09T18:08:00,setl_K4r4AqbHWR1QSJ,HBSK160I4N87RGPK,2026-08-11T17:00:00
recon:132,pay_7iYmmIySxuMBOp,payment,,,order_000520,NETBANKING,66838,1868,336,64634,2026-08-13T19:13:00,setl_eo7IJxd4ns4lm1,VXEB1PMT3SLQ0NGB,2026-08-17T17:00:00
recon:133,pay_7lpYau2kXrG0bG,payment,,,order_000938,UPI,72957,0,0,72957,2026-07-30T18:04:00,setl_DIKPDzcK9HEnek,PHCZ1LI2YB3V7848,2026-08-03T17:00:00
recon:134,pay_7pi6arZR8rfpXI,payment,,,order_000702,UPI,557723,0,0,557723,2026-08-09T19:44:00,setl_K4r4AqbHWR1QSJ,HBSK160I4N87RGPK,2026-08-11T17:00:00
recon:135,pay_7pm7NVUncsKmBy,payment,,,order_001085,NETBANKING,1450154,15702,2826,1431626,2026-07-20T17:01:00,setl_Fk6cmhmyNwwTjH,2092973521xwnpjk,2026-07-22T17:00:00
recon:136,pay_7v7VU27ikHT1Ea,payment,,,order_000737,CARD,547431,10949,1971,534511,2026-08-10T15:20:00,setl_g9a5WKCidSlh3E,7548534651v4iicp,2026-08-12T17:00:00
recon:137,pay_7x1Ajs3QiiaePb,payment,,,order_000362,UPI,382564,0,0,382564,2026-07-22T15:18:00,setl_Ezf6dJDcGlyMFY,823601071261,2026-07-24T17:00:00
recon:138,pay_81LyjIKnSBwPZR,payment,,,order_000752,CARD,87218,1744,314,85160,2026-07-27T18:23:00,setl_o2J8tXhPJuja4Q,YMFM1D6SZO4XYEUR,2026-07-29T17:00:00
recon:139,pay_83UQYNx5DJ3WYA,payment,,,order_000859,UPI,817812,0,0,817812,2026-08-01T13:35:00,setl_Awp1O7n8ORK56S,31916543016vlohj,2026-08-04T17:00:00
recon:140,pay_84A0xYTd0NrHcU,payment,,,order_000311,CARD,788794,15776,2840,770178,2026-08-14T11:48:00,setl_toQCTLAGVSRZQz,8008529461djf52s,2026-08-18T17:00:00
recon:141,pay_86048HRMcMC9kR,payment,,,order_000584,UPI,1372048,0,0,1372048,2026-08-07T21:04:00,setl_K4r4AqbHWR1QSJ,HBSK160I4N87RGPK,2026-08-11T17:00:00
recon:142,pay_87TLqmG0NU3DBd,payment,,,order_000765,NETBANKING,15120,1351,243,13526,2026-08-02T16:07:00,setl_Awp1O7n8ORK56S,31916543016vlohj,2026-08-04T17:00:00
recon:143,pay_88Lag5EcEZxzIg,payment,,,,NETBANKING,26744,1467,264,25013,2026-07-18T16:50:00,setl_uPHQccb6jE2RlU,JFKO1MH1BTOHNZ7F,2026-07-21T17:00:00
recon:144,pay_8CZD91WhgYNNY2,payment,,,order_000476,NETBANKING,21317,1413,254,19650,2026-08-12T21:10:00,setl_mvLvOR1E9aJ8BZ,STGC1QX9TMQUZYOF,2026-08-14T17:00:00
recon:145,pay_8H2UVnaBeFJNnT,payment,,,order_000722,UPI,1921337,0,0,1921337,2026-08-08T18:07:00,setl_K4r4AqbHWR1QSJ,HBSK160I4N87RGPK,2026-08-11T17:00:00
recon:146,pay_8L4V6lORBJFdw8,payment,,,order_000137,UPI,24233,0,0,24233,2026-08-06T18:53:00,setl_7sAQBptvWq3587,HJWI1ETHZPPQR2SO,2026-08-10T17:00:00
recon:147,pay_8MKbCFxYSBbTH5,payment,,,order_000915,UPI,1377097,0,0,1377097,2026-08-14T12:50:00,setl_toQCTLAGVSRZQz,8008529461djf52s,2026-08-18T17:00:00
recon:148,pay_8NeE4mGh3RyHtA,payment,,,order_000223,UPI,861289,0,0,861289,2026-07-30T14:10:00,setl_DIKPDzcK9HEnek,PHCZ1LI2YB3V7848,2026-08-03T17:00:00
recon:149,pay_8SW0pxCNRQ3EGA,payment,,,,CARD,714695,14294,2573,697828,2026-07-28T11:03:00,setl_YEcxuqKeZl7OQe,NXIC1EVV1RBFYNU2,2026-07-30T17:00:00
recon:150,pay_8TmeLS1OpgSXt2,payment,,,order_000037,NETBANKING,365025,4850,873,359302,2026-07-16T17:04:00,setl_4V0jo5CDCiKBzR,GGOA1HRDCWJ28EBX,2026-07-20T17:00:00
recon:151,pay_8dBFykxhv6Rp1I,payment,,,order_000585,UPI,670721,0,0,670721,2026-07-23T14:45:00,setl_Wqijn9nSjj8k6T,1944258921llwzdy,2026-07-27T17:00:00
recon:152,pay_8irrEm9fwTJPsD,payment,,,order_000648,UPI,1331083,0,0,1331083,2026-07-22T11:28:00,setl_gwP280Jo59JRJO,176484673571,2026-07-24T17:00:00
recon:153,pay_8kVoRTYvFhuU1Z,payment,,,order_000905,UPI,767939,0,0,767939,2026-08-01T12:19:00,setl_Awp1O7n8ORK56S,31916543016vlohj,2026-08-04T17:00:00
recon:154,pay_8lngbzEjrvmbFz,payment,,,,CARD,71689,1434,258,69997,2026-07-27T13:01:00,setl_o2J8tXhPJuja4Q,YMFM1D6SZO4XYEUR,2026-07-29T17:00:00
recon:155,pay_8tEAUvCYPSashj,payment,,,order_000617,NETBANKING,706335,8263,1487,696585,2026-08-09T14:16:00,setl_K4r4AqbHWR1QSJ,HBSK160I4N87RGPK,2026-08-11T17:00:00
recon:156,pay_8wQzaSMtvyxntB,payment,,,order_000908,UPI,50162,0,0,50162,2026-08-09T14:01:00,setl_K4r4AqbHWR1QSJ,HBSK160I4N87RGPK,2026-08-11T17:00:00
recon:157,pay_8z0WJcDfuquhXz,payment,,,,UPI,221427,0,0,221427,2026-08-12T14:54:00,setl_mvLvOR1E9aJ8BZ,STGC1QX9TMQUZYOF,2026-08-14T17:00:00
recon:158,pay_8zA4ADUCC8yDxv,payment,,,order_000858,UPI,324550,0,0,324550,2026-08-12T14:09:00,setl_mvLvOR1E9aJ8BZ,STGC1QX9TMQUZYOF,2026-08-14T17:00:00
recon:159,pay_90FmYzcwd66EZ1,payment,,,order_000845,UPI,64671,0,0,64671,2026-07-19T20:07:00,setl_uPHQccb6jE2RlU,JFKO1MH1BTOHNZ7F,2026-07-21T17:00:00
recon:160,pay_99yq4kxVbBZtjc,payment,,,order_000857,UPI,1342809,0,0,1342809,2026-08-13T17:17:00,setl_eo7IJxd4ns4lm1,VXEB1PMT3SLQ0NGB,2026-08-17T17:00:00
recon:161,pay_9A5xQQ4fz81U1i,payment,,,order_000440,CARD,25045,501,90,24454,2026-08-12T12:48:00,setl_mvLvOR1E9aJ8BZ,STGC1QX9TMQUZYOF,2026-08-14T17:00:00
recon:162,pay_9FaHVdJ7B1LE7G,payment,,,order_000242,CARD,646724,12934,2328,631462,2026-07-19T20:24:00,setl_uPHQccb6jE2RlU,JFKO1MH1BTOHNZ7F,2026-07-21T17:00:00
recon:163,pay_9KBpJzmNPz1dZ7,payment,,,,NETBANKING,294028,4140,745,289143,2026-08-11T18:26:00,setl_actrKB2ty7ejUN,BAEX1WGIHN3VZW7Z,2026-08-13T17:00:00
recon:164,pay_9KYpuyr0Yzxh7K,payment,,,order_000156,UPI,1010405,0,0,1010405,2026-07-21T17:41:00,setl_jOSX0CoSNm5HMM,JLPW1OWOIO11F6WC,2026-07-23T17:00:00
recon:165,pay_9MzXubOrYCFowJ,payment,,,order_000151,UPI,1484553,0,0,1484553,2026-07-29T14:45:00,setl_JFwZldEZaZibqk,FVAC15GIFJTEMP1Z,2026-07-31T17:00:00
recon:166,pay_9NYUG7jEmZtZIf,payment,,,order_001160,UPI,1349079,0,0,1349079,2026-07-24T20:08:00,setl_l04NvnxPd5yp15,7311804671rgpa5u,2026-07-28T17:00:00
recon:167,pay_9QFNaW2I9c2ExN,payment,,,,UPI,30308,0,0,30308,2026-07-27T15:40:00,setl_o2J8tXhPJuja4Q,YMFM1D6SZO4XYEUR,2026-07-29T17:00:00
recon:168,pay_9RN3ORoApKjBt6,payment,,,order_000328,UPI,378014,0,0,378014,2026-08-13T17:38:00,setl_eo7IJxd4ns4lm1,VXEB1PMT3SLQ0NGB,2026-08-17T17:00:00
recon:169,pay_9STjyUbS9BxdSg,payment,,,order_000616,UPI,62188,0,0,62188,2026-07-23T13:12:00,setl_Wqijn9nSjj8k6T,1944258921llwzdy,2026-07-27T17:00:00
recon:170,pay_9U6A6a4NRnzxNY,payment,,,order_001020,UPI,897925,0,0,897925,2026-07-31T17:34:00,setl_Awp1O7n8ORK56S,31916543016vlohj,2026-08-04T17:00:00
recon:171,pay_9ZW6cSPCfw7lp5,payment,,,order_001051,CARD,655115,13102,2358,639655,2026-07-18T15:18:00,setl_uPHQccb6jE2RlU,JFKO1MH1BTOHNZ7F,2026-07-21T17:00:00
recon:172,pay_9bcvdvYUczhnZP,payment,,,,CARD,1652574,33051,5949,1613574,2026-08-02T15:30:00,setl_Awp1O7n8ORK56S,31916543016vlohj,2026-08-04T17:00:00
recon:173,pay_9exT8QzLgvtuik,payment,,,order_000200,UPI,1855768,0,0,1855768,2026-07-20T13:42:00,setl_Fk6cmhmyNwwTjH,2092973521xwnpjk,2026-07-22T17:00:00
recon:174,pay_9hbVlFHy6JhqXq,payment,,,,UPI,208004,0,0,208004,2026-07-20T18:19:00,setl_Fk6cmhmyNwwTjH,2092973521xwnpjk,2026-07-22T17:00:00
recon:175,pay_9iEjDVMxASJ6EW,payment,,,order_000129,UPI,136204,0,0,136204,2026-07-25T13:32:00,setl_l04NvnxPd5yp15,7311804671rgpa5u,2026-07-28T17:00:00
recon:176,pay_9uYOK6oTLNp00p,payment,,,order_000883,UPI,2036159,0,0,2036159,2026-08-02T16:38:00,setl_Awp1O7n8ORK56S,31916543016vlohj,2026-08-04T17:00:00
recon:177,pay_A18RPVxYEZ2kNn,payment,,,order_000473,UPI,393688,0,0,393688,2026-08-12T19:21:00,setl_mvLvOR1E9aJ8BZ,STGC1QX9TMQUZYOF,2026-08-14T17:00:00
recon:178,pay_A1EEpDJjym6MGV,payment,,,order_000052,NETBANKING,1251549,13715,2469,1235365,2026-07-19T15:14:00,setl_uPHQccb6jE2RlU,JFKO1MH1BTOHNZ7F,2026-07-21T17:00:00
recon:179,pay_A4TtuLUDWQCNZq,payment,,,order_000465,UPI,20090,0,0,20090,2026-08-06T20:08:00,setl_7sAQBptvWq3587,HJWI1ETHZPPQR2SO,2026-08-10T17:00:00
recon:180,pay_AGgJeGsv8hZG9q,payment,,,order_000282,UPI,184420,0,0,184420,2026-08-04T15:59:00,setl_zttIQWBFztKCLC,163656045001,2026-08-06T17:00:00
recon:181,pay_AHIbNUkU7uxcj5,payment,,,order_000855,UPI,1180216,0,0,1180216,2026-07-21T12:36:00,setl_jOSX0CoSNm5HMM,JLPW1OWOIO11F6WC,2026-07-23T17:00:00
recon:182,pay_AICuazmvf4KZbV,payment,,,order_000508,NETBANKING,206958,3270,589,203099,2026-08-01T12:54:00,setl_Awp1O7n8ORK56S,31916543016vlohj,2026-08-04T17:00:00
recon:183,pay_AIVegRJCTioVnn,payment,,,order_000992,UPI,119390,0,0,119390,2026-07-19T11:25:00,setl_uPHQccb6jE2RlU,JFKO1MH1BTOHNZ7F,2026-07-21T17:00:00
recon:184,pay_ATCCjV4y2NWybI,payment,,,order_000931,UPI,1798949,0,0,1798949,2026-08-04T16:22:00,setl_zttIQWBFztKCLC,163656045001,2026-08-06T17:00:00
recon:185,pay_AV1au3Dfi1gMHJ,payment,,,order_000974,NETBANKING,1060771,11808,2125,1046838,2026-08-03T16:34:00,setl_ckhLew1bXwFZyr,974700026871,2026-08-05T17:00:00
recon:186,pay_AWTixUU2HBngt9,payment,,,order_001012,UPI,161394,0,0,161394,2026-08-05T13:49:00,setl_ApwuSoEmcLVyrK,FOOC1HWIYOUNDX3A,2026-08-07T17:00:00
recon:187,pay_AZvUhEREEnLkP1,payment,,,order_000270,NETBANKING,1101108,12211,2198,1086699,2026-07-21T15:42:00,setl_jOSX0CoSNm5HMM,JLPW1OWOIO11F6WC,2026-07-23T17:00:00
recon:188,pay_AkJJOESrS25phQ,payment,,,order_000864,UPI,2073875,0,0,2073875,2026-07-21T15:04:00,setl_jOSX0CoSNm5HMM,JLPW1OWOIO11F6WC,2026-07-23T17:00:00
recon:189,pay_AnCC2JbxiK3it8,payment,,,order_000526,UPI,2219770,0,0,2219770,2026-07-26T12:29:00,setl_l04NvnxPd5yp15,7311804671rgpa5u,2026-07-28T17:00:00
recon:190,pay_AoK00i7IpX6ARL,payment,,,order_000712,CARD,515907,10318,1857,503732,2026-08-14T17:18:00,setl_toQCTLAGVSRZQz,8008529461djf52s,2026-08-18T17:00:00
recon:191,pay_AopDNk5l6orgap,payment,,,order_000930,CARD,165618,3312,596,161710,2026-08-08T15:44:00,setl_K4r4AqbHWR1QSJ,HBSK160I4N87RGPK,2026-08-11T17:00:00
recon:192,pay_B1O2YImftXDjEB,payment,,,,CARD,1064072,21281,3831,1038960,2026-08-12T09:57:00,setl_mvLvOR1E9aJ8BZ,STGC1QX9TMQUZYOF,2026-08-14T17:00:00
recon:193,pay_B9DoZzOllOQBzb,payment,,,order_000161,UPI,287242,0,0,287242,2026-08-08T16:21:00,setl_K4r4AqbHWR1QSJ,HBSK160I4N87RGPK,2026-08-11T17:00:00
recon:194,pay_BA73h3XoVP2M7a,payment,,,order_000317,NETBANKING,1938476,20585,3705,1914186,2026-08-09T12:41:00,setl_K4r4AqbHWR1QSJ,HBSK160I4N87RGPK,2026-08-11T17:00:00
recon:195,pay_BB82kFQdw9ge8u,payment,,,order_000880,UPI,1316603,0,0,1316603,2026-08-02T15:51:00,setl_Awp1O7n8ORK56S,31916543016vlohj,2026-08-04T17:00:00
recon:196,pay_BCJJGAgbfwJfMM,payment,,,order_000153,UPI,33937,0,0,33937,2026-07-30T18:31:00,setl_DIKPDzcK9HEnek,PHCZ1LI2YB3V7848,2026-08-03T17:00:00
recon:197,pay_BNMIsYI3b8ki56,payment,,,order_001049,CARD,194172,3883,699,189590,2026-07-17T19:03:00,setl_uPHQccb6jE2RlU,JFKO1MH1BTOHNZ7F,2026-07-21T17:00:00
recon:198,pay_BPLqq2IBKxNrRz,payment,,,order_000276,UPI,43229,0,0,43229,2026-08-05T14:31:00,setl_ApwuSoEmcLVyrK,FOOC1HWIYOUNDX3A,2026-08-07T17:00:00
recon:199,pay_BPR8Pd28uB2Arh,payment,,,order_000507,CARD,15009,300,54,14655,2026-08-04T15:44:00,setl_zttIQWBFztKCLC,163656045001,2026-08-06T17:00:00
recon:200,pay_BUC6BfBqworx6q,payment,,,order_000934,UPI,16043,0,0,16043,2026-07-16T16:21:00,setl_4V0jo5CDCiKBzR,GGOA1HRDCWJ28EBX,2026-07-20T17:00:00
recon:201,pay_BXOWjC3LYWViPY,payment,,,order_000942,CARD,15639,313,56,15270,2026-07-27T10:24:00,setl_o2J8tXhPJuja4Q,YMFM1D6SZO4XYEUR,2026-07-29T17:00:00
recon:202,pay_BcGNSWseeItON6,payment,,,,UPI,1931898,0,0,1931898,2026-07-16T14:20:00,setl_4V0jo5CDCiKBzR,GGOA1HRDCWJ28EBX,2026-07-20T17:00:00
recon:203,pay_BdzWcQ7Pj5KdOT,payment,,,order_000480,UPI,1497450,0,0,1497450,2026-07-18T14:07:00,setl_uPHQccb6jE2RlU,JFKO1MH1BTOHNZ7F,2026-07-21T17:00:00
recon:204,pay_BfWBZxNlBOBfcG,payment,,,order_000462,UPI,802827,0,0,802827,2026-07-22T18:28:00,setl_Ezf6dJDcGlyMFY,823601071261,2026-07-24T17:00:00
recon:205,pay_BgYSh2PP4XJU3n,payment,,,order_000071,CARD,650120,13002,2340,634778,2026-07-26T19:27:00,setl_l04NvnxPd5yp15,7311804671rgpa5u,2026-07-28T17:00:00
recon:206,pay_Bi3DldqyunDuvW,payment,,,order_000034,CARD,32512,650,117,31745,2026-08-14T16:50:00,setl_toQCTLAGVSRZQz,8008529461djf52s,2026-08-18T17:00:00
recon:207,pay_BlrDp37eCZ32Jg,payment,,,order_000013,UPI,515116,0,0,515116,2026-08-12T12:35:00,setl_mvLvOR1E9aJ8BZ,STGC1QX9TMQUZYOF,2026-08-14T17:00:00
recon:208,pay_BmKwx5O0eCk4c9,payment,,,order_000650,UPI,931487,0,0,931487,2026-07-29T16:24:00,setl_JFwZldEZaZibqk,FVAC15GIFJTEMP1Z,2026-07-31T17:00:00
recon:209,pay_BqStG9IQ4yLtUA,payment,,,order_000551,UPI,83331,0,0,83331,2026-08-13T14:31:00,setl_eo7IJxd4ns4lm1,VXEB1PMT3SLQ0NGB,2026-08-17T17:00:00
recon:210,pay_BrlkjM8EvGLeCd,payment,,,,NETBANKING,2210584,23306,4195,2183083,2026-07-24T14:25:00,setl_l04NvnxPd5yp15,7311804671rgpa5u,2026-07-28T17:00:00
recon:211,pay_C18tnHtlhxYcXm,payment,,,order_000349,UPI,155337,0,0,155337,2026-07-17T15:21:00,setl_uPHQccb6jE2RlU,JFKO1MH1BTOHNZ7F,2026-07-21T17:00:00
recon:212,pay_C3JfnU4CVAZCsk,payment,,,order_000408,UPI,250867,0,0,250867,2026-07-28T17:51:00,setl_YEcxuqKeZl7OQe,NXIC1EVV1RBFYNU2,2026-07-30T17:00:00
recon:213,pay_C59yvlFSFx7ZHr,payment,,,order_000100,UPI,412643,0,0,412643,2026-07-24T13:59:00,setl_l04NvnxPd5yp15,7311804671rgpa5u,2026-07-28T17:00:00
recon:214,pay_C9bU1IGOL9s7QG,payment,,,order_001105,UPI,32326,0,0,32326,2026-08-09T20:29:00,setl_K4r4AqbHWR1QSJ,HBSK160I4N87RGPK,2026-08-11T17:00:00
recon:215,pay_C9hPEleDRnmCYT,payment,,,order_001073,UPI,96999,0,0,96999,2026-07-23T14:24:00,setl_Wqijn9nSjj8k6T,1944258921llwzdy,2026-07-27T17:00:00
recon:216,pay_CArnWGhwBhsRRL,payment,,,order_000077,CARD,601130,12023,2164,586943,2026-08-06T13:09:00,setl_7sAQBptvWq3587,HJWI1ETHZPPQR2SO,2026-08-10T17:00:00
recon:217,pay_CIkIth6bz7FXj8,payment,,,order_000404,UPI,69390,0,0,69390,2026-08-02T11:05:00,setl_Awp1O7n8ORK56S,31916543016vlohj,2026-08-04T17:00:00
recon:218,pay_CNd3w8aFim0y9J,payment,,,order_000165,UPI,260917,0,0,260917,2026-08-02T13:39:00,setl_Awp1O7n8ORK56S,31916543016vlohj,2026-08-04T17:00:00
recon:219,pay_CNjCc70omRxjWU,payment,,,order_000321,UPI,2451331,0,0,2451331,2026-07-16T13:40:00,setl_4V0jo5CDCiKBzR,GGOA1HRDCWJ28EBX,2026-07-20T17:00:00
recon:220,pay_COu4ZXPAYcr3f0,payment,,,order_000445,UPI,78796,0,0,78796,2026-07-18T14:26:00,setl_uPHQccb6jE2RlU,JFKO1MH1BTOHNZ7F,2026-07-21T17:00:00
recon:221,pay_COxfHTyUYGN8ky,payment,,,order_000337,NETBANKING,47388,1674,301,45413,2026-07-26T11:58:00,setl_l04NvnxPd5yp15,7311804671rgpa5u,2026-07-28T17:00:00
recon:222,pay_CQm2Ojnywm3Q28,payment,,,order_000984,UPI,1165127,0,0,1165127,2026-07-27T16:33:00,setl_o2J8tXhPJuja4Q,YMFM1D6SZO4XYEUR,2026-07-29T17:00:00
recon:223,pay_CZs1Se02YYARFi,payment,,,order_000157,NETBANKING,1261932,13819,2487,1245626,2026-08-09T18:04:00,setl_K4r4AqbHWR1QSJ,HBSK160I4N87RGPK,2026-08-11T17:00:00
recon:224,pay_Cc66w9iD4UDrak,payment,,,order_000682,CARD,1088272,21765,3918,1062589,2026-08-03T16:43:00,setl_ckhLew1bXwFZyr,974700026871,2026-08-05T17:00:00
recon:225,pay_CjjVWyA8b3iYuy,payment,,,order_000878,UPI,2023779,0,0,2023779,2026-07-30T17:42:00,setl_DIKPDzcK9HEnek,PHCZ1LI2YB3V7848,2026-08-03T17:00:00
recon:226,pay_CoNichU6UnxOW4,payment,,,order_000996,UPI,24330,0,0,24330,2026-08-11T15:47:00,setl_actrKB2ty7ejUN,BAEX1WGIHN3VZW7Z,2026-08-13T17:00:00
recon:227,pay_CruqMn7UZX1bmz,payment,,,order_000999,UPI,1754624,0,0,1754624,2026-08-03T15:47:00,setl_ckhLew1bXwFZyr,974700026871,2026-08-05T17:00:00
recon:228,pay_CryXe9NeUOQDFN,payment,,,order_001052,CARD,2182360,43647,7856,2130857,2026-07-22T19:29:00,setl_gwP280Jo59JRJO,176484673571,2026-07-24T17:00:00
recon:229,pay_Csc91FgWCTm2iD,payment,,,,CARD,301901,6038,1087,294776,2026-08-06T13:42:00,setl_7sAQBptvWq3587,HJWI1ETHZPPQR2SO,2026-08-10T17:00:00
recon:230,pay_CuhFVPbgzAcJJa,payment,,,order_000238,CARD,1838356,36767,6618,1794971,2026-07-18T19:52:00,setl_uPHQccb6jE2RlU,JFKO1MH1BTOHNZ7F,2026-07-21T17:00:00
recon:231,pay_Cvl9dq83Eh0ezF,payment,,,order_000044,UPI,562528,0,0,562528,2026-08-09T18:49:00,setl_K4r4AqbHWR1QSJ,HBSK160I4N87RGPK,2026-08-11T17:00:00
recon:232,pay_CxApn8uSo635uO,payment,,,order_000882,CARD,24902,498,90,24314,2026-08-07T13:26:00,setl_K4r4AqbHWR1QSJ,HBSK160I4N87RGPK,2026-08-11T17:00:00
recon:233,pay_D3ripxXTLhrlyh,payment,,,order_001198,UPI,157574,0,0,157574,2026-07-25T17:26:00,setl_l04NvnxPd5yp15,7311804671rgpa5u,2026-07-28T17:00:00
recon:234,pay_D5YSM7BNlDGBJ0,payment,,,order_000363,UPI,444745,0,0,444745,2026-07-29T12:37:00,setl_JFwZldEZaZibqk,FVAC15GIFJTEMP1Z,2026-07-31T17:00:00
recon:235,pay_D5ybSMpib8fiB4,payment,,,order_001149,UPI,29938,0,0,29938,2026-08-10T16:44:00,setl_g9a5WKCidSlh3E,7548534651v4iicp,2026-08-12T17:00:00
recon:236,pay_D8vx0d0o2DvJXN,payment,,,order_000239,CARD,1079812,21596,3887,1054329,2026-08-04T17:01:00,setl_zttIQWBFztKCLC,163656045001,2026-08-06T17:00:00
recon:237,pay_D9ULJsIWDcsvbA,payment,,,order_000963,NETBANKING,1606511,17265,3108,1586138,2026-08-04T15:51:00,setl_zttIQWBFztKCLC,163656045001,2026-08-06T17:00:00
recon:238,pay_DBahcJdXhZYGhc,payment,,,,UPI,1645762,0,0,1645762,2026-07-23T16:58:00,setl_Wqijn9nSjj8k6T,1944258921llwzdy,2026-07-27T17:00:00
recon:239,pay_DDXi3TzlY3xODT,payment,,,order_000395,CARD,16481,330,59,16092,2026-08-07T20:36:00,setl_K4r4AqbHWR1QSJ,HBSK160I4N87RGPK,2026-08-11T17:00:00
recon:240,pay_DG5EKUvAw9Zssk,payment,,,order_000366,UPI,15288,0,0,15288,2026-08-04T13:55:00,setl_zttIQWBFztKCLC,163656045001,2026-08-06T17:00:00
recon:241,pay_DMVtR1CoJAs2Bm,payment,,,order_000422,UPI,382920,0,0,382920,2026-08-08T12:56:00,setl_K4r4AqbHWR1QSJ,HBSK160I4N87RGPK,2026-08-11T17:00:00
recon:242,pay_DNwYbXNXO8827H,payment,,,order_001009,UPI,952472,0,0,952472,2026-07-29T12:33:00,setl_JFwZldEZaZibqk,FVAC15GIFJTEMP1Z,2026-07-31T17:00:00
recon:243,pay_DO1xkxwnQrS7RP,payment,,,order_000003,UPI,374072,0,0,374072,2026-07-23T15:49:00,setl_Wqijn9nSjj8k6T,1944258921llwzdy,2026-07-27T17:00:00
recon:244,pay_DPj2Gg6io6xyC3,payment,,,order_000660,UPI,256629,0,0,256629,2026-08-01T18:47:00,setl_Awp1O7n8ORK56S,31916543016vlohj,2026-08-04T17:00:00
recon:245,pay_DRUIBIy0opDwjr,payment,,,order_000134,UPI,2394248,0,0,2394248,2026-08-08T16:39:00,setl_K4r4AqbHWR1QSJ,HBSK160I4N87RGPK,2026-08-11T17:00:00
recon:246,pay_DSqXxkMM9VThX0,payment,,,order_000036,NETBANKING,2247134,23671,4261,2219202,2026-07-23T12:51:00,setl_Wqijn9nSjj8k6T,1944258921llwzdy,2026-07-27T17:00:00
recon:247,pay_DZW3HD1dfdr1Pg,payment,,,order_000677,UPI,1130780,0,0,1130780,2026-07-25T10:14:00,setl_l04NvnxPd5yp15,7311804671rgpa5u,2026-07-28T17:00:00
recon:248,pay_Da0wtTv5HXQ235,payment,,,order_000667,UPI,174738,0,0,174738,2026-07-31T16:39:00,setl_Awp1O7n8ORK56S,31916543016vlohj,2026-08-04T17:00:00
recon:249,pay_DcclJQ3Xt4TkFB,payment,,,order_000429,CARD,366948,7339,1321,358288,2026-08-14T13:29:00,setl_toQCTLAGVSRZQz,8008529461djf52s,2026-08-18T17:00:00
recon:250,pay_DeZBLuRaa9Eq5S,payment,,,order_001158,CARD,19778,396,71,19311,2026-07-23T18:52:00,setl_Wqijn9nSjj8k6T,1944258921llwzdy,2026-07-27T17:00:00
recon:251,pay_DjTjcfdL4hjgCi,payment,,,order_000958,UPI,125160,0,0,125160,2026-07-29T13:10:00,setl_JFwZldEZaZibqk,FVAC15GIFJTEMP1Z,2026-07-31T17:00:00
recon:252,pay_DlyxiDUmOwrmvi,payment,,,order_000391,CARD,2154521,43090,7756,2103675,2026-07-31T18:30:00,setl_Awp1O7n8ORK56S,31916543016vlohj,2026-08-04T17:00:00
recon:253,pay_DvkxtUuX8KMf4d,payment,,,order_000076,NETBANKING,366682,4867,876,360939,2026-08-08T12:20:00,setl_K4r4AqbHWR1QSJ,HBSK160I4N87RGPK,2026-08-11T17:00:00
recon:254,pay_E2wmO30KzCnDNq,payment,,,order_000816,UPI,828298,0,0,828298,2026-07-17T12:42:00,setl_uPHQccb6jE2RlU,JFKO1MH1BTOHNZ7F,2026-07-21T17:00:00
recon:255,pay_E6r5xbv0Yttr1F,payment,,,order_000213,UPI,21037,0,0,21037,2026-07-17T18:53:00,setl_uPHQccb6jE2RlU,JFKO1MH1BTOHNZ7F,2026-07-21T17:00:00
recon:256,pay_E8ULE88cXQyS96,payment,,,order_000798,UPI,278258,0,0,278258,2026-08-12T14:11:00,setl_mvLvOR1E9aJ8BZ,STGC1QX9TMQUZYOF,2026-08-14T17:00:00
recon:257,pay_E9yrkEoC5ibXpP,payment,,,,UPI,203770,0,0,203770,2026-08-05T13:26:00,setl_lxwhkHkDARnBtp,594898959651,2026-08-07T17:00:00
recon:258,pay_EByuhilhxWZdc2,payment,,,order_000927,CARD,895555,17911,3224,874420,2026-07-24T09:56:00,setl_l04NvnxPd5yp15,7311804671rgpa5u,2026-07-28T17:00:00
recon:259,pay_EFlkQ7cdPxsnBq,payment,,,order_000389,UPI,2346266,0,0,2346266,2026-07-22T14:18:00,setl_gwP280Jo59JRJO,176484673571,2026-07-24T17:00:00
recon:260,pay_EGeKkpOWA1Ox8o,payment,,,order_000919,CARD,1452293,29046,5228,1418019,2026-08-06T13:40:00,setl_7sAQBptvWq3587,HJWI1ETHZPPQR2SO,2026-08-10T17:00:00
recon:261,pay_EIoZfCtxAqjtaa,payment,,,order_000297,CARD,2067961,41359,7445,2019157,2026-07-29T20:56:00,setl_JFwZldEZaZibqk,FVAC15GIFJTEMP1Z,2026-07-31T17:00:00
recon:262,pay_EJMsYQ28peNg4a,payment,,,order_000896,CARD,2122050,42441,7639,2071970,2026-07-26T19:05:00,setl_l04NvnxPd5yp15,7311804671rgpa5u,2026-07-28T17:00:00
recon:263,pay_ELzIG763SAIcY9,payment,,,order_000158,UPI,2453996,0,0,2453996,2026-07-20T19:41:00,setl_Fk6cmhmyNwwTjH,2092973521xwnpjk,2026-07-22T17:00:00
recon:264,pay_EMNnCTYJgaPRPW,payment,,,order_001136,CARD,1192744,23855,4294,1164595,2026-08-02T15:59:00,setl_Awp1O7n8ORK56S,31916543016vlohj,2026-08-04T17:00:00
recon:265,pay_ENUjSSQbyL5QHc,payment,,,order_000324,CARD,181256,3625,653,176978,2026-08-02T12:30:00,setl_Awp1O7n8ORK56S,31916543016vlohj,2026-08-04T17:00:00
recon:266,pay_EPmW9susPd6XfP,payment,,,order_000123,CARD,1932390,38648,6957,1886785,2026-08-02T13:44:00,setl_Awp1O7n8ORK56S,31916543016vlohj,2026-08-04T17:00:00
recon:267,pay_ETFJim3flKM48w,payment,,,order_001127,CARD,2411240,48225,8681,2354334,2026-08-02T12:29:00,setl_Awp1O7n8ORK56S,31916543016vlohj,2026-08-04T17:00:00
recon:268,pay_EU3HtXujX3g08H,payment,,,order_000350,CARD,302461,6049,1089,295323,2026-08-10T17:32:00,setl_g9a5WKCidSlh3E,7548534651v4iicp,2026-08-12T17:00:00
recon:269,pay_EcGBDbcMdaQq4p,payment,,,order_001006,CARD,260188,5204,937,254047,2026-08-11T16:16:00,setl_actrKB2ty7ejUN,BAEX1WGIHN3VZW7Z,2026-08-13T17:00:00
recon:270,pay_EcOyxqVbwYewpU,payment,,,order_000097,CARD,393848,7877,1418,384553,2026-08-02T18:18:00,setl_Awp1O7n8ORK56S,31916543016vlohj,2026-08-04T17:00:00
recon:271,pay_EgpyKwKsSsb1Qz,payment,,,order_000059,UPI,382752,0,0,382752,2026-07-29T15:55:00,setl_JFwZldEZaZibqk,FVAC15GIFJTEMP1Z,2026-07-31T17:00:00
recon:272,pay_EkwgEJRzSn6EQy,payment,,,order_000759,CARD,363071,7261,1307,354503,2026-07-23T14:45:00,setl_Wqijn9nSjj8k6T,1944258921llwzdy,2026-07-27T17:00:00
recon:273,pay_Es6SIGpybFUz8x,payment,,,order_000731,UPI,797071,0,0,797071,2026-07-25T18:09:00,setl_l04NvnxPd5yp15,7311804671rgpa5u,2026-07-28T17:00:00
recon:274,pay_ExFtWFuIVmoLkc,payment,,,order_000877,UPI,1383862,0,0,1383862,2026-07-18T15:32:00,setl_uPHQccb6jE2RlU,JFKO1MH1BTOHNZ7F,2026-07-21T17:00:00
recon:275,pay_EzxtxB5lIZrgCQ,payment,,,order_000588,UPI,170479,0,0,170479,2026-07-19T16:43:00,setl_uPHQccb6jE2RlU,JFKO1MH1BTOHNZ7F,2026-07-21T17:00:00
recon:276,pay_F10bxns88KBUCH,payment,,,order_000719,CARD,109620,2192,395,107033,2026-08-13T11:55:00,setl_eo7IJxd4ns4lm1,VXEB1PMT3SLQ0NGB,2026-08-17T17:00:00
recon:277,pay_F3keWFupvrdGoJ,payment,,,order_000237,UPI,562276,0,0,562276,2026-07-17T11:26:00,setl_uPHQccb6jE2RlU,JFKO1MH1BTOHNZ7F,2026-07-21T17:00:00
recon:278,pay_F5QqfPIylx4yxl,payment,,,order_000207,UPI,407581,0,0,407581,2026-07-18T18:03:00,setl_uPHQccb6jE2RlU,JFKO1MH1BTOHNZ7F,2026-07-21T17:00:00
recon:279,pay_F7RjDRjH9sNJQk,payment,,,order_000671,UPI,2350581,0,0,2350581,2026-08-10T17:51:00,setl_g9a5WKCidSlh3E,7548534651v4iicp,2026-08-12T17:00:00
recon:280,pay_FBESAMYOviZ8P6,payment,,,order_000613,UPI,323967,0,0,323967,2026-07-18T15:57:00,setl_uPHQccb6jE2RlU,JFKO1MH1BTOHNZ7F,2026-07-21T17:00:00
recon:281,pay_FDGxdF2KkxkqXg,payment,,,order_000183,NETBANKING,993586,11136,2004,980446,2026-08-01T13:10:00,setl_Awp1O7n8ORK56S,31916543016vlohj,2026-08-04T17:00:00
recon:282,pay_FGrjXDghqFFoO8,payment,,,order_000425,NETBANKING,421482,5415,975,415092,2026-07-28T14:57:00,setl_YEcxuqKeZl7OQe,NXIC1EVV1RBFYNU2,2026-07-30T17:00:00
recon:283,pay_FO2Ye12InsqdtK,payment,,,order_000434,UPI,487369,0,0,487369,2026-07-26T12:38:00,setl_l04NvnxPd5yp15,7311804671rgpa5u,2026-07-28T17:00:00
recon:284,pay_FRWzJIUz4HD9P8,payment,,,order_000940,UPI,710123,0,0,710123,2026-07-18T18:31:00,setl_uPHQccb6jE2RlU,JFKO1MH1BTOHNZ7F,2026-07-21T17:00:00
recon:285,pay_FVBliyIToGJ1QZ,payment,,,order_000079,UPI,50774,0,0,50774,2026-07-22T13:31:00,setl_Ezf6dJDcGlyMFY,823601071261,2026-07-24T17:00:00
recon:286,pay_FVMwVuAmnfZGxE,payment,,,,UPI,50998,0,0,50998,2026-08-08T17:37:00,setl_K4r4AqbHWR1QSJ,HBSK160I4N87RGPK,2026-08-11T17:00:00
recon:287,pay_FW8jJ27QOZCdmj,payment,,,order_000456,CARD,262424,5248,945,256231,2026-07-24T18:08:00,setl_l04NvnxPd5yp15,7311804671rgpa5u,2026-07-28T17:00:00
recon:288,pay_FWCvI5bKCY8tXu,payment,,,order_001122,UPI,1875106,0,0,1875106,2026-07-24T11:51:00,setl_l04NvnxPd5yp15,7311804671rgpa5u,2026-07-28T17:00:00
recon:289,pay_FYE4MaG4iCkoeG,payment,,,order_000269,UPI,1886048,0,0,1886048,2026-08-14T13:29:00,setl_toQCTLAGVSRZQz,8008529461djf52s,2026-08-18T17:00:00
recon:290,pay_FYURMCoWB30o30,payment,,,order_001045,CARD,1355808,27116,4881,1323811,2026-08-01T18:56:00,setl_Awp1O7n8ORK56S,31916543016vlohj,2026-08-04T17:00:00
recon:291,pay_Ff5GCZdDiGADKd,payment,,,order_000131,UPI,1292218,0,0,1292218,2026-07-26T20:22:00,setl_l04NvnxPd5yp15,7311804671rgpa5u,2026-07-28T17:00:00
recon:292,pay_FnISkRyqzcQ2K9,payment,,,order_000772,CARD,1828861,36577,6584,1785700,2026-07-26T16:58:00,setl_l04NvnxPd5yp15,7311804671rgpa5u,2026-07-28T17:00:00
recon:293,pay_FnwZqvr4MS4rJa,payment,,,order_000040,UPI,277501,0,0,277501,2026-07-30T16:11:00,setl_DIKPDzcK9HEnek,PHCZ1LI2YB3V7848,2026-08-03T17:00:00
recon:294,pay_FokZzsp8bKvq3q,payment,,,order_001076,CARD,1389280,27786,5001,1356493,2026-07-19T20:06:00,setl_uPHQccb6jE2RlU,JFKO1MH1BTOHNZ7F,2026-07-21T17:00:00
recon:295,pay_Fp5zHXZj3YaxWa,payment,,,order_001047,NETBANKING,1856772,19768,3558,1833446,2026-07-19T17:08:00,setl_uPHQccb6jE2RlU,JFKO1MH1BTOHNZ7F,2026-07-21T17:00:00
recon:296,pay_G1OMQ3J6ZRETyh,payment,,,order_001142,UPI,2073012,0,0,2073012,2026-07-28T16:50:00,setl_YEcxuqKeZl7OQe,NXIC1EVV1RBFYNU2,2026-07-30T17:00:00
recon:297,pay_G2FiZcneMx1thM,payment,,,order_000941,UPI,428010,0,0,428010,2026-08-07T17:27:00,setl_K4r4AqbHWR1QSJ,HBSK160I4N87RGPK,2026-08-11T17:00:00
recon:298,pay_G2TExSLlCR9gl1,payment,,,order_000421,NETBANKING,128819,2488,448,125883,2026-08-09T18:39:00,setl_K4r4AqbHWR1QSJ,HBSK160I4N87RGPK,2026-08-11T17:00:00
recon:299,pay_G41Aja6oboByjw,payment,,,,UPI,233813,0,0,233813,2026-07-19T10:51:00,setl_uPHQccb6jE2RlU,JFKO1MH1BTOHNZ7F,2026-07-21T17:00:00
recon:300,pay_G5e1Bwlrqq6Q9x,payment,,,order_001135,UPI,649129,0,0,649129,2026-08-01T12:36:00,setl_Awp1O7n8ORK56S,31916543016vlohj,2026-08-04T17:00:00
recon:301,pay_GBAgDQUK0qwqLf,payment,,,order_000464,UPI,670032,0,0,670032,2026-08-03T09:41:00,setl_ckhLew1bXwFZyr,974700026871,2026-08-05T17:00:00
recon:302,pay_GNy1CMnxjTeM1S,payment,,,order_000932,CARD,16066,321,58,15687,2026-07-31T16:35:00,setl_Awp1O7n8ORK56S,31916543016vlohj,2026-08-04T17:00:00
recon:303,pay_GPva2A0FgB9xO5,payment,,,order_000038,CARD,356247,7125,1283,347839,2026-08-03T12:25:00,setl_ckhLew1bXwFZyr,974700026871,2026-08-05T17:00:00
recon:304,pay_GSojdRUzCWMKGf,payment,,,order_000318,UPI,70599,0,0,70599,2026-07-25T18:18:00,setl_l04NvnxPd5yp15,7311804671rgpa5u,2026-07-28T17:00:00
recon:305,pay_GYbkMrS9isc9Kd,payment,,,order_000599,CARD,2170439,43409,7814,2119216,2026-07-19T18:03:00,setl_uPHQccb6jE2RlU,JFKO1MH1BTOHNZ7F,2026-07-21T17:00:00
recon:306,pay_GmnjvRQ2VVGrHz,payment,,,order_000962,UPI,1494363,0,0,1494363,2026-08-04T16:54:00,setl_zttIQWBFztKCLC,163656045001,2026-08-06T17:00:00
recon:307,pay_GpAaRH4rKYUX1m,payment,,,order_000980,NETBANKING,1869292,19893,3581,1845818,2026-07-22T12:12:00,setl_gwP280Jo59JRJO,176484673571,2026-07-24T17:00:00
recon:308,pay_GrA7IKxccKETxh,payment,,,order_000364,CARD,154285,3086,555,150644,2026-07-29T12:34:00,setl_JFwZldEZaZibqk,FVAC15GIFJTEMP1Z,2026-07-31T17:00:00
recon:309,pay_GtToB7krfHy8iV,payment,,,order_000619,NETBANKING,2114420,22344,4022,2088054,2026-08-06T19:15:00,setl_7sAQBptvWq3587,HJWI1ETHZPPQR2SO,2026-08-10T17:00:00
recon:310,pay_GyUl4bN2xXNpuU,payment,,,order_000308,UPI,1511090,0,0,1511090,2026-07-25T15:53:00,setl_l04NvnxPd5yp15,7311804671rgpa5u,2026-07-28T17:00:00
recon:311,pay_GzmFuMMG8d6Qxz,payment,,,order_000407,CARD,2293852,45877,8258,2239717,2026-07-16T14:14:00,setl_4V0jo5CDCiKBzR,GGOA1HRDCWJ28EBX,2026-07-20T17:00:00
recon:312,pay_H37QycMgL1YP9g,payment,,,,CARD,365987,7320,1318,357349,2026-08-11T17:07:00,setl_actrKB2ty7ejUN,BAEX1WGIHN3VZW7Z,2026-08-13T17:00:00
recon:313,pay_HA9k0mZMi3qdPE,payment,,,,NETBANKING,377378,4974,895,371509,2026-08-03T18:52:00,setl_ckhLew1bXwFZyr,974700026871,2026-08-05T17:00:00
recon:314,pay_HBhXspthdpAOYN,payment,,,order_000095,UPI,1329243,0,0,1329243,2026-07-24T13:23:00,setl_l04NvnxPd5yp15,7311804671rgpa5u,2026-07-28T17:00:00
recon:315,pay_HBo8ZEYXywLZV6,payment,,,order_000274,UPI,19688,0,0,19688,2026-08-05T18:33:00,setl_lxwhkHkDARnBtp,594898959651,2026-08-07T17:00:00
recon:316,pay_HCHTxe6Khd1J5G,payment,,,order_000130,NETBANKING,1555582,16756,3016,1535810,2026-08-09T15:02:00,setl_K4r4AqbHWR1QSJ,HBSK160I4N87RGPK,2026-08-11T17:00:00
recon:317,pay_HEBnwYeP0tGZtB,payment,,,order_000435,UPI,812289,0,0,812289,2026-07-18T11:59:00,setl_uPHQccb6jE2RlU,JFKO1MH1BTOHNZ7F,2026-07-21T17:00:00
recon:318,pay_HEav6NmZivTl6Z,payment,,,order_000199,UPI,133975,0,0,133975,2026-07-31T10:29:00,setl_Awp1O7n8ORK56S,31916543016vlohj,2026-08-04T17:00:00
recon:319,pay_HMFHBgRdPp9hoh,payment,,,order_000663,UPI,891942,0,0,891942,2026-07-29T12:29:00,setl_JFwZldEZaZibqk,FVAC15GIFJTEMP1Z,2026-07-31T17:00:00
recon:320,pay_HPC6rlLBO0FfEw,payment,,,order_000049,UPI,91269,0,0,91269,2026-08-09T15:00:00,setl_K4r4AqbHWR1QSJ,HBSK160I4N87RGPK,2026-08-11T17:00:00
recon:321,pay_HPezrpjRejSzNR,payment,,,order_001011,UPI,1464925,0,0,1464925,2026-07-31T13:18:00,setl_Awp1O7n8ORK56S,31916543016vlohj,2026-08-04T17:00:00
recon:322,pay_HQ9l4t1o4sQFFY,payment,,,order_000723,CARD,317161,6343,1142,309676,2026-08-04T18:15:00,setl_zttIQWBFztKCLC,163656045001,2026-08-06T17:00:00
recon:323,pay_HRIqemmmDof7i9,payment,,,order_001040,NETBANKING,407208,5272,949,400987,2026-08-14T12:22:00,setl_toQCTLAGVSRZQz,8008529461djf52s,2026-08-18T17:00:00
recon:324,pay_HVq7hmMbIbHGWj,payment,,,order_000647,CARD,15062,301,54,14707,2026-07-26T16:05:00,setl_l04NvnxPd5yp15,7311804671rgpa5u,2026-07-28T17:00:00
recon:325,pay_HWvh7lDBxlJMkI,payment,,,order_000636,UPI,746262,0,0,746262,2026-07-30T16:40:00,setl_DIKPDzcK9HEnek,PHCZ1LI2YB3V7848,2026-08-03T17:00:00
recon:326,pay_HaVTe6fJsU1J6L,payment,,,order_000281,NETBANKING,868572,9886,1779,856907,2026-07-24T18:52:00,setl_l04NvnxPd5yp15,7311804671rgpa5u,2026-07-28T17:00:00
recon:327,pay_Hh4J6HVaqOUq92,payment,,,,UPI,173829,0,0,173829,2026-08-10T12:21:00,setl_g9a5WKCidSlh3E,7548534651v4iicp,2026-08-12T17:00:00
recon:328,pay_Hp1iS2EbcdrzAB,payment,,,order_001098,UPI,865857,0,0,865857,2026-08-13T16:53:00,setl_eo7IJxd4ns4lm1,VXEB1PMT3SLQ0NGB,2026-08-17T17:00:00
recon:329,pay_HqLu4ThzUoZjZg,payment,,,order_001016,NETBANKING,108842,2288,412,106142,2026-07-22T15:17:00,setl_Ezf6dJDcGlyMFY,823601071261,2026-07-24T17:00:00
recon:330,pay_HqSgr3QHZtVzbe,payment,,,order_000988,UPI,1307674,0,0,1307674,2026-08-02T21:29:00,setl_Awp1O7n8ORK56S,31916543016vlohj,2026-08-04T17:00:00
recon:331,pay_Hqt2osTrJhkocI,payment,,,order_000601,CARD,1259775,25196,4535,1230044,2026-08-07T10:08:00,setl_K4r4AqbHWR1QSJ,HBSK160I4N87RGPK,2026-08-11T17:00:00
recon:332,pay_HuyqfhgIksjlqX,payment,,,,CARD,16438,329,59,16050,2026-07-31T10:41:00,setl_Awp1O7n8ORK56S,31916543016vlohj,2026-08-04T17:00:00
recon:333,pay_I0Y6VdW8oK2Zyw,payment,,,order_000197,UPI,159514,0,0,159514,2026-08-09T15:48:00,setl_K4r4AqbHWR1QSJ,HBSK160I4N87RGPK,2026-08-11T17:00:00
recon:334,pay_I2YpSZdxKEnW7B,payment,,,order_000769,UPI,956667,0,0,956667,2026-07-19T15:34:00,setl_uPHQccb6jE2RlU,JFKO1MH1BTOHNZ7F,2026-07-21T17:00:00
recon:335,pay_I3evlRU96UPHFm,payment,,,order_000689,UPI,428718,0,0,428718,2026-07-17T14:25:00,setl_uPHQccb6jE2RlU,JFKO1MH1BTOHNZ7F,2026-07-21T17:00:00
recon:336,pay_IDvgdNDMkewOJ4,payment,,,order_000738,NETBANKING,1212021,13320,2398,1196303,2026-07-18T12:01:00,setl_uPHQccb6jE2RlU,JFKO1MH1BTOHNZ7F,2026-07-21T17:00:00
recon:337,pay_IEPXjxzo5XLU2s,payment,,,order_000265,UPI,748966,0,0,748966,2026-08-09T15:08:00,setl_K4r4AqbHWR1QSJ,HBSK160I4N87RGPK,2026-08-11T17:00:00
recon:338,pay_IEp2ot2TjZD6dJ,payment,,,order_000138,UPI,99021,0,0,99021,2026-07-26T17:14:00,setl_l04NvnxPd5yp15,7311804671rgpa5u,2026-07-28T17:00:00
recon:339,pay_IFu9PpuDTEGJ2V,payment,,,,UPI,1584380,0,0,1584380,2026-07-16T14:06:00,setl_4V0jo5CDCiKBzR,GGOA1HRDCWJ28EBX,2026-07-20T17:00:00
recon:340,pay_IHF48i2GDrmZhv,payment,,,order_000125,UPI,2446119,0,0,2446119,2026-08-04T12:58:00,setl_zttIQWBFztKCLC,163656045001,2026-08-06T17:00:00
recon:341,pay_IKEEJ2kGdzqFLy,payment,,,order_000430,NETBANKING,777091,8971,1615,766505,2026-08-09T12:08:00,setl_K4r4AqbHWR1QSJ,HBSK160I4N87RGPK,2026-08-11T17:00:00
recon:342,pay_IPwtqxG4FDgZUE,payment,,,,UPI,375084,0,0,375084,2026-07-28T13:58:00,setl_YEcxuqKeZl7OQe,NXIC1EVV1RBFYNU2,2026-07-30T17:00:00
recon:343,pay_ISOuThWwJELK8Q,payment,,,order_000245,CARD,93569,1871,337,91361,2026-08-14T14:39:00,setl_toQCTLAGVSRZQz,8008529461djf52s,2026-08-18T17:00:00
recon:344,pay_IaS1qpsfzRV0ve,payment,,,order_000284,UPI,324822,0,0,324822,2026-08-06T13:38:00,setl_7sAQBptvWq3587,HJWI1ETHZPPQR2SO,2026-08-10T17:00:00
recon:345,pay_IdZ2eMYy9p0cqv,payment,,,order_001133,CARD,15395,308,55,15032,2026-07-21T11:48:00,setl_jOSX0CoSNm5HMM,JLPW1OWOIO11F6WC,2026-07-23T17:00:00
recon:346,pay_Ih7yfJs1ON43xK,payment,,,order_000002,UPI,1338283,0,0,1338283,2026-08-12T14:57:00,setl_mvLvOR1E9aJ8BZ,STGC1QX9TMQUZYOF,2026-08-14T17:00:00
recon:347,pay_IiyM82hgznnhKs,payment,,,order_000774,CARD,364983,7300,1314,356369,2026-07-25T18:29:00,setl_l04NvnxPd5yp15,7311804671rgpa5u,2026-07-28T17:00:00
recon:348,pay_ImqU4OeUe5b2GO,payment,,,order_000264,UPI,63707,0,0,63707,2026-08-04T13:23:00,setl_zttIQWBFztKCLC,163656045001,2026-08-06T17:00:00
recon:349,pay_InCSd1OZHPQTQ5,payment,,,order_000537,UPI,1995274,0,0,1995274,2026-07-30T17:09:00,setl_DIKPDzcK9HEnek,PHCZ1LI2YB3V7848,2026-08-03T17:00:00
recon:350,pay_IppnkW8QSfgBTb,payment,,,order_000560,CARD,592728,11855,2134,578739,2026-08-12T20:09:00,setl_mvLvOR1E9aJ8BZ,STGC1QX9TMQUZYOF,2026-08-14T17:00:00
recon:351,pay_IrMIkuTssKr82G,payment,,,order_000169,UPI,822587,0,0,822587,2026-08-10T15:47:00,setl_g9a5WKCidSlh3E,7548534651v4iicp,2026-08-12T17:00:00
recon:352,pay_IwO1S4a8vaWQy2,payment,,,order_000187,UPI,16420,0,0,16420,2026-08-10T13:29:00,setl_g9a5WKCidSlh3E,7548534651v4iicp,2026-08-12T17:00:00
recon:353,pay_IxC7shEi4VeuXU,payment,,,order_000799,UPI,306832,0,0,306832,2026-08-04T15:43:00,setl_zttIQWBFztKCLC,163656045001,2026-08-06T17:00:00
recon:354,pay_IxJqEeYQlLAhJc,payment,,,order_000917,UPI,509532,0,0,509532,2026-07-21T11:15:00,setl_jOSX0CoSNm5HMM,JLPW1OWOIO11F6WC,2026-07-23T17:00:00
recon:355,pay_Iyg1EY3KPWRokC,payment,,,order_000204,UPI,371406,0,0,371406,2026-08-08T18:48:00,setl_K4r4AqbHWR1QSJ,HBSK160I4N87RGPK,2026-08-11T17:00:00
recon:356,pay_Iz7dZ17WY0Xcmb,payment,,,order_001080,CARD,154339,3087,556,150696,2026-08-07T16:01:00,setl_K4r4AqbHWR1QSJ,HBSK160I4N87RGPK,2026-08-11T17:00:00
recon:357,pay_J2NKZ7H6lOFHaj,payment,,,order_000989,UPI,1125350,0,0,1125350,2026-08-13T14:41:00,setl_eo7IJxd4ns4lm1,VXEB1PMT3SLQ0NGB,2026-08-17T17:00:00
recon:358,pay_J77YUrshKRIy5z,payment,,,order_000121,NETBANKING,587075,7071,1273,578731,2026-08-07T16:03:00,setl_K4r4AqbHWR1QSJ,HBSK160I4N87RGPK,2026-08-11T17:00:00
recon:359,pay_J8UoHMouQQM6xP,payment,,,order_001032,CARD,130840,2617,471,127752,2026-08-13T11:56:00,setl_eo7IJxd4ns4lm1,VXEB1PMT3SLQ0NGB,2026-08-17T17:00:00
recon:360,pay_J8xWjmMGzGccci,payment,,,order_000115,UPI,2434768,0,0,2434768,2026-07-19T14:33:00,setl_uPHQccb6jE2RlU,JFKO1MH1BTOHNZ7F,2026-07-21T17:00:00
recon:361,pay_JI8Uhlu14jUbWu,payment,,,,CARD,265497,5310,956,259231,2026-08-14T13:28:00,setl_toQCTLAGVSRZQz,8008529461djf52s,2026-08-18T17:00:00
recon:362,pay_JJH5OKhEHRQPFY,payment,,,order_001148,UPI,739453,0,0,739453,2026-08-04T18:25:00,setl_zttIQWBFztKCLC,163656045001,2026-08-06T17:00:00
recon:363,pay_JOeej3h27a9peX,payment,,,,UPI,745864,0,0,745864,2026-07-27T14:04:00,setl_o2J8tXhPJuja4Q,YMFM1D6SZO4XYEUR,2026-07-29T17:00:00
recon:364,pay_JPhPJfm9NIKWd9,payment,,,order_000492,CARD,1258526,25171,4531,1228824,2026-07-21T10:26:00,setl_jOSX0CoSNm5HMM,JLPW1OWOIO11F6WC,2026-07-23T17:00:00
recon:365,pay_JPoLCkHppKYgjh,payment,,,order_001139,UPI,118147,0,0,118147,2026-07-28T16:01:00,setl_YEcxuqKeZl7OQe,NXIC1EVV1RBFYNU2,2026-07-30T17:00:00
recon:366,pay_JQNzoRleD5sn4Y,payment,,,order_001161,UPI,322542,0,0,322542,2026-07-18T10:50:00,setl_uPHQccb6jE2RlU,JFKO1MH1BTOHNZ7F,2026-07-21T17:00:00
recon:367,pay_JVsgA6y9gjnFs8,payment,,,order_001101,UPI,378041,0,0,378041,2026-07-30T18:47:00,setl_DIKPDzcK9HEnek,PHCZ1LI2YB3V7848,2026-08-03T17:00:00
recon:368,pay_JWmBAJmsJjyIUK,payment,,,order_001147,CARD,350220,7004,1261,341955,2026-07-24T17:47:00,setl_l04NvnxPd5yp15,7311804671rgpa5u,2026-07-28T17:00:00
recon:369,pay_JaRa1eaAgHgRCw,payment,,,order_000373,NETBANKING,95439,2154,388,92897,2026-07-22T18:35:00,setl_gwP280Jo59JRJO,176484673571,2026-07-24T17:00:00
recon:370,pay_JdeIyTCEqcXS5p,payment,,,order_001172,UPI,2067554,0,0,2067554,2026-07-16T17:46:00,setl_4V0jo5CDCiKBzR,GGOA1HRDCWJ28EBX,2026-07-20T17:00:00
recon:371,pay_JpgDgZYihad1Xo,payment,,,order_000192,UPI,783075,0,0,783075,2026-07-24T14:33:00,setl_l04NvnxPd5yp15,7311804671rgpa5u,2026-07-28T17:00:00
recon:372,pay_JzqfzGBXSiWiEJ,payment,,,order_000319,UPI,1395403,0,0,1395403,2026-07-20T13:04:00,setl_Fk6cmhmyNwwTjH,2092973521xwnpjk,2026-07-22T17:00:00
recon:373,pay_K2FYv5RWdcgOY1,payment,,,,UPI,845008,0,0,845008,2026-07-31T13:53:00,setl_Awp1O7n8ORK56S,31916543016vlohj,2026-08-04T17:00:00
recon:374,pay_K3SIt6JQtg5zW7,payment,,,order_000978,UPI,763808,0,0,763808,2026-08-02T21:55:00,setl_Awp1O7n8ORK56S,31916543016vlohj,2026-08-04T17:00:00
recon:375,pay_K5QLnLaHXKlA6e,payment,,,order_000458,UPI,1696411,0,0,1696411,2026-08-12T15:20:00,setl_mvLvOR1E9aJ8BZ,STGC1QX9TMQUZYOF,2026-08-14T17:00:00
recon:376,pay_K5cQe9X4rTsUEm,payment,,,order_000900,CARD,2367172,47343,8522,2311307,2026-07-17T16:35:00,setl_uPHQccb6jE2RlU,JFKO1MH1BTOHNZ7F,2026-07-21T17:00:00
recon:377,pay_K9K6NnVA4k9gUB,payment,,,order_001074,UPI,88981,0,0,88981,2026-08-03T14:43:00,setl_ckhLew1bXwFZyr,974700026871,2026-08-05T17:00:00
recon:378,pay_K9kgdxnPmBV4xe,payment,,,order_000897,UPI,376522,0,0,376522,2026-07-16T16:48:00,setl_4V0jo5CDCiKBzR,GGOA1HRDCWJ28EBX,2026-07-20T17:00:00
recon:379,pay_KBKzTOAshzb9uk,payment,,,order_000080,CARD,1861935,37239,6703,1817993,2026-07-17T17:41:00,setl_uPHQccb6jE2RlU,JFKO1MH1BTOHNZ7F,2026-07-21T17:00:00
recon:380,pay_KC5vYyE1U1MiWi,payment,,,order_000490,UPI,831065,0,0,831065,2026-07-27T12:54:00,setl_o2J8tXhPJuja4Q,YMFM1D6SZO4XYEUR,2026-07-29T17:00:00
recon:381,pay_KFSuH6wMIGnSgQ,payment,,,order_000575,UPI,506915,0,0,506915,2026-07-25T10:35:00,setl_l04NvnxPd5yp15,7311804671rgpa5u,2026-07-28T17:00:00
recon:382,pay_KMIHP4TYcHgCD0,payment,,,,UPI,2206726,0,0,2206726,2026-07-17T19:32:00,setl_uPHQccb6jE2RlU,JFKO1MH1BTOHNZ7F,2026-07-21T17:00:00
recon:383,pay_KVSBxnVfm69yOg,payment,,,order_000669,UPI,17373,0,0,17373,2026-08-12T16:28:00,setl_mvLvOR1E9aJ8BZ,STGC1QX9TMQUZYOF,2026-08-14T17:00:00
recon:384,pay_Kb8UdeOzo7T5vA,payment,,,order_001154,UPI,15000,0,0,15000,2026-07-20T12:09:00,setl_Fk6cmhmyNwwTjH,2092973521xwnpjk,2026-07-22T17:00:00
recon:385,pay_KdBQ9ipsq2u7Zz,payment,,,order_000189,CARD,28915,578,104,28233,2026-07-19T20:18:00,setl_uPHQccb6jE2RlU,JFKO1MH1BTOHNZ7F,2026-07-21T17:00:00
recon:386,pay_KgPtvjZOfgJkn3,payment,,,order_000732,NETBANKING,354868,4749,855,349264,2026-07-23T11:58:00,setl_Wqijn9nSjj8k6T,1944258921llwzdy,2026-07-27T17:00:00
recon:387,pay_KiCSEs5jnnZVmV,payment,,,order_000568,NETBANKING,1079935,11999,2160,1065776,2026-08-12T11:28:00,setl_mvLvOR1E9aJ8BZ,STGC1QX9TMQUZYOF,2026-08-14T17:00:00
recon:388,pay_KiGgz0TYguJPeY,payment,,,order_000356,UPI,317008,0,0,317008,2026-07-27T18:29:00,setl_o2J8tXhPJuja4Q,YMFM1D6SZO4XYEUR,2026-07-29T17:00:00
recon:389,pay_KjgcDwjiqx4Lpo,payment,,,order_000315,CARD,824270,16485,2967,804818,2026-08-07T15:16:00,setl_K4r4AqbHWR1QSJ,HBSK160I4N87RGPK,2026-08-11T17:00:00
recon:390,pay_Kl0PLh9QpiTcop,payment,,,order_000982,UPI,1202570,0,0,1202570,2026-07-19T18:46:00,setl_uPHQccb6jE2RlU,JFKO1MH1BTOHNZ7F,2026-07-21T17:00:00
recon:391,pay_KlIwuUDr31M63J,payment,,,order_000307,UPI,611872,0,0,611872,2026-08-07T18:52:00,setl_K4r4AqbHWR1QSJ,HBSK160I4N87RGPK,2026-08-11T17:00:00
recon:392,pay_Kq85UbTMFBTW8i,payment,,,order_000839,UPI,1299179,0,0,1299179,2026-07-20T11:40:00,setl_Fk6cmhmyNwwTjH,2092973521xwnpjk,2026-07-22T17:00:00
recon:393,pay_KsgIsoozHEv1bL,payment,,,order_001021,UPI,1030594,0,0,1030594,2026-07-25T12:37:00,setl_l04NvnxPd5yp15,7311804671rgpa5u,2026-07-28T17:00:00
recon:394,pay_KwyhmnCe5QIstq,payment,,,,UPI,625728,0,0,625728,2026-07-23T20:49:00,setl_Wqijn9nSjj8k6T,1944258921llwzdy,2026-07-27T17:00:00
recon:395,pay_KxhGR5dloZHc9z,payment,,,order_000185,NETBANKING,1710443,18304,3295,1688844,2026-07-26T14:27:00,setl_l04NvnxPd5yp15,7311804671rgpa5u,2026-07-28T17:00:00
recon:396,pay_Kzn7t779PG05c7,payment,,,order_000586,UPI,1368534,0,0,1368534,2026-07-25T18:58:00,setl_l04NvnxPd5yp15,7311804671rgpa5u,2026-07-28T17:00:00
recon:397,pay_LA6LsrpN24hTAq,payment,,,order_000981,CARD,61104,1222,220,59662,2026-07-22T17:21:00,setl_Ezf6dJDcGlyMFY,823601071261,2026-07-24T17:00:00
recon:398,pay_LCalKlCekdvpQ5,payment,,,order_001077,CARD,1801736,36035,6486,1759215,2026-08-07T13:27:00,setl_K4r4AqbHWR1QSJ,HBSK160I4N87RGPK,2026-08-11T17:00:00
recon:399,pay_LJwwk15qV1Sfsb,payment,,,order_000216,CARD,1897975,37960,6833,1853182,2026-07-27T17:21:00,setl_o2J8tXhPJuja4Q,YMFM1D6SZO4XYEUR,2026-07-29T17:00:00
recon:400,pay_LNjuQ08UV0VUua,payment,,,,CARD,1312988,26260,4727,1282001,2026-08-11T11:34:00,setl_actrKB2ty7ejUN,BAEX1WGIHN3VZW7Z,2026-08-13T17:00:00
recon:401,pay_LRGVTdSnHjJV9F,payment,,,order_000678,UPI,51649,0,0,51649,2026-08-03T20:35:00,setl_ckhLew1bXwFZyr,974700026871,2026-08-05T17:00:00
recon:402,pay_LSJrrbSKEeUSjn,payment,,,order_000899,NETBANKING,1894996,20150,3627,1871219,2026-07-16T13:00:00,setl_4V0jo5CDCiKBzR,GGOA1HRDCWJ28EBX,2026-07-20T17:00:00
recon:403,pay_LTw8ny1LcQUjyW,payment,,,,NETBANKING,656749,7767,1398,647584,2026-08-10T14:54:00,setl_g9a5WKCidSlh3E,7548534651v4iicp,2026-08-12T17:00:00
recon:404,pay_LVIdVuddLEG62H,payment,,,order_000015,UPI,2346918,0,0,2346918,2026-08-02T18:21:00,setl_Awp1O7n8ORK56S,31916543016vlohj,2026-08-04T17:00:00
recon:405,pay_LYcgnHYayMH9Wr,payment,,,order_000555,UPI,15129,0,0,15129,2026-07-19T11:06:00,setl_uPHQccb6jE2RlU,JFKO1MH1BTOHNZ7F,2026-07-21T17:00:00
recon:406,pay_Le00ghFMZNoeZm,payment,,,order_000384,UPI,87400,0,0,87400,2026-08-13T17:21:00,setl_eo7IJxd4ns4lm1,VXEB1PMT3SLQ0NGB,2026-08-17T17:00:00
recon:407,pay_LecBwSeId75e7E,payment,,,order_000132,UPI,1397217,0,0,1397217,2026-08-08T11:11:00,setl_K4r4AqbHWR1QSJ,HBSK160I4N87RGPK,2026-08-11T17:00:00
recon:408,pay_Lhww2DNl0RTZt6,payment,,,order_000163,UPI,943639,0,0,943639,2026-07-31T18:03:00,setl_Awp1O7n8ORK56S,31916543016vlohj,2026-08-04T17:00:00
recon:409,pay_LnIQJsXh2p7yJU,payment,,,order_000966,CARD,627917,12558,2260,613099,2026-08-12T16:10:00,setl_mvLvOR1E9aJ8BZ,STGC1QX9TMQUZYOF,2026-08-14T17:00:00
recon:410,pay_LtP1M0F76zYMHF,payment,,,order_001100,CARD,18569,371,67,18131,2026-07-21T12:03:00,setl_jOSX0CoSNm5HMM,JLPW1OWOIO11F6WC,2026-07-23T17:00:00
recon:411,pay_LtjLaqxUGV3HzE,payment,,,,CARD,1814297,36286,6531,1771480,2026-07-25T16:01:00,setl_l04NvnxPd5yp15,7311804671rgpa5u,2026-07-28T17:00:00
recon:412,pay_LyC1evb5ScBB5Q,payment,,,order_001145,UPI,2269516,0,0,2269516,2026-07-16T16:02:00,setl_4V0jo5CDCiKBzR,GGOA1HRDCWJ28EBX,2026-07-20T17:00:00
recon:413,pay_LzHfz3tVvovXke,payment,,,order_000081,CARD,162119,3242,584,158293,2026-08-07T14:36:00,setl_K4r4AqbHWR1QSJ,HBSK160I4N87RGPK,2026-08-11T17:00:00
recon:414,pay_M1xKYrDpDlThTp,payment,,,order_000939,UPI,160442,0,0,160442,2026-07-21T12:07:00,setl_jOSX0CoSNm5HMM,JLPW1OWOIO11F6WC,2026-07-23T17:00:00
recon:415,pay_M4YPyJG3m26kDx,payment,,,order_000778,UPI,16282,0,0,16282,2026-07-21T17:46:00,setl_jOSX0CoSNm5HMM,JLPW1OWOIO11F6WC,2026-07-23T17:00:00
recon:416,pay_M4uG4yAM6SWprz,payment,,,order_000243,UPI,1089352,0,0,1089352,2026-08-03T13:03:00,setl_ckhLew1bXwFZyr,974700026871,2026-08-05T17:00:00
recon:417,pay_M5LO1SSCNwtv0m,payment,,,order_000354,UPI,94606,0,0,94606,2026-07-19T17:56:00,setl_uPHQccb6jE2RlU,JFKO1MH1BTOHNZ7F,2026-07-21T17:00:00
recon:418,pay_M8RNgVN7AjOpUt,payment,,,order_001192,UPI,618957,0,0,618957,2026-08-12T20:44:00,setl_mvLvOR1E9aJ8BZ,STGC1QX9TMQUZYOF,2026-08-14T17:00:00
recon:419,pay_M9edWAijE0kWZ8,payment,,,order_000821,UPI,1351841,0,0,1351841,2026-07-24T19:24:00,setl_l04NvnxPd5yp15,7311804671rgpa5u,2026-07-28T17:00:00
recon:420,pay_M9hjzdOjUjhnkh,payment,,,order_001083,UPI,635915,0,0,635915,2026-07-29T20:03:00,setl_JFwZldEZaZibqk,FVAC15GIFJTEMP1Z,2026-07-31T17:00:00
recon:421,pay_MARpbsrGn42YAd,payment,,,order_000725,CARD,1870082,37402,6732,1825948,2026-08-07T13:13:00,setl_K4r4AqbHWR1QSJ,HBSK160I4N87RGPK,2026-08-11T17:00:00
recon:422,pay_METPxl2yFEikmo,payment,,,,NETBANKING,642040,7620,1372,633048,2026-07-27T14:01:00,setl_o2J8tXhPJuja4Q,YMFM1D6SZO4XYEUR,2026-07-29T17:00:00
recon:423,pay_MGmVzsPdY5Y9pF,payment,,,order_000178,CARD,119886,2398,432,117056,2026-08-07T10:57:00,setl_K4r4AqbHWR1QSJ,HBSK160I4N87RGPK,2026-08-11T17:00:00
recon:424,pay_MQlKT7GXQHqiSu,payment,,,order_000684,CARD,2317382,46348,8343,2262691,2026-07-28T13:28:00,setl_YEcxuqKeZl7OQe,NXIC1EVV1RBFYNU2,2026-07-30T17:00:00
recon:425,pay_MRbjvZsT8CRydR,payment,,,order_001165,NETBANKING,388909,5089,916,382904,2026-07-18T11:14:00,setl_uPHQccb6jE2RlU,JFKO1MH1BTOHNZ7F,2026-07-21T17:00:00
recon:426,pay_MXGy9ZeBn5rifl,payment,,,order_001196,UPI,2169795,0,0,2169795,2026-08-03T18:30:00,setl_ckhLew1bXwFZyr,974700026871,2026-08-05T17:00:00
recon:427,pay_MXVRfhhyzgi6lc,payment,,,order_001084,NETBANKING,22113,1421,256,20436,2026-07-30T18:35:00,setl_DIKPDzcK9HEnek,PHCZ1LI2YB3V7848,2026-08-03T17:00:00
recon:428,pay_MZZ6CGxXETv2Ix,payment,,,,UPI,1014229,0,0,1014229,2026-08-09T10:06:00,setl_K4r4AqbHWR1QSJ,HBSK160I4N87RGPK,2026-08-11T17:00:00
recon:429,pay_Mc4BVuMqbfo9R1,payment,,,,CARD,491207,9824,1768,479615,2026-07-25T17:49:00,setl_l04NvnxPd5yp15,7311804671rgpa5u,2026-07-28T17:00:00
recon:430,pay_MoYaJxmA4JBzpk,payment,,,order_000299,UPI,1597318,0,0,1597318,2026-08-09T19:06:00,setl_K4r4AqbHWR1QSJ,HBSK160I4N87RGPK,2026-08-11T17:00:00
recon:431,pay_Mqvmu5qzhPsCbC,payment,,,order_000893,UPI,115982,0,0,115982,2026-08-02T17:20:00,setl_Awp1O7n8ORK56S,31916543016vlohj,2026-08-04T17:00:00
recon:432,pay_Msyib10LmS2x9w,payment,,,order_001087,NETBANKING,60044,1800,324,57920,2026-08-12T13:12:00,setl_mvLvOR1E9aJ8BZ,STGC1QX9TMQUZYOF,2026-08-14T17:00:00
recon:433,pay_Mu6Z9NoOKg7Fjv,payment,,,order_000202,NETBANKING,17605,1376,248,15981,2026-08-07T16:56:00,setl_K4r4AqbHWR1QSJ,HBSK160I4N87RGPK,2026-08-11T17:00:00
recon:434,pay_MzQuRiUbPFsq6A,payment,,,order_000220,UPI,1614812,0,0,1614812,2026-08-01T16:07:00,setl_Awp1O7n8ORK56S,31916543016vlohj,2026-08-04T17:00:00
recon:435,pay_N1eften1hL5WUp,payment,,,,CARD,463672,9273,1669,452730,2026-07-20T20:43:00,setl_Fk6cmhmyNwwTjH,2092973521xwnpjk,2026-07-22T17:00:00
recon:436,pay_N1oCwfudMPmLHo,payment,,,order_000406,CARD,16527,331,60,16136,2026-07-17T15:01:00,setl_uPHQccb6jE2RlU,JFKO1MH1BTOHNZ7F,2026-07-21T17:00:00
recon:437,pay_N1ybaouBjq2oLR,payment,,,order_000803,UPI,229521,0,0,229521,2026-08-11T18:14:00,setl_actrKB2ty7ejUN,BAEX1WGIHN3VZW7Z,2026-08-13T17:00:00
recon:438,pay_NCFLBe9kbJCJPd,payment,,,order_000838,UPI,22033,0,0,22033,2026-08-02T14:33:00,setl_Awp1O7n8ORK56S,31916543016vlohj,2026-08-04T17:00:00
recon:439,pay_NSRTdky9OaZf0j,payment,,,order_000278,UPI,1608796,0,0,1608796,2026-07-19T15:07:00,setl_uPHQccb6jE2RlU,JFKO1MH1BTOHNZ7F,2026-07-21T17:00:00
recon:440,pay_NUx2E99qKJJ450,payment,,,order_000949,NETBANKING,2025190,21452,3861,1999877,2026-07-31T12:48:00,setl_Awp1O7n8ORK56S,31916543016vlohj,2026-08-04T17:00:00
recon:441,pay_NWFOCWdnrJi7sC,payment,,,order_000051,UPI,682916,0,0,682916,2026-08-06T19:35:00,setl_7sAQBptvWq3587,HJWI1ETHZPPQR2SO,2026-08-10T17:00:00
recon:442,pay_NX1yj0RpcK8Shm,payment,,,order_000118,CARD,998246,19965,3594,974687,2026-08-08T10:59:00,setl_K4r4AqbHWR1QSJ,HBSK160I4N87RGPK,2026-08-11T17:00:00
recon:443,pay_NXz7qJIPQmeLjg,payment,,,order_000739,UPI,247305,0,0,247305,2026-07-22T14:31:00,setl_Ezf6dJDcGlyMFY,823601071261,2026-07-24T17:00:00
recon:444,pay_NcxxlPJTeJTXni,payment,,,order_000397,UPI,347136,0,0,347136,2026-08-06T15:59:00,setl_7sAQBptvWq3587,HJWI1ETHZPPQR2SO,2026-08-10T17:00:00
recon:445,pay_NgBQUpEwQRPyj1,payment,,,,UPI,1192086,0,0,1192086,2026-08-01T16:32:00,setl_Awp1O7n8ORK56S,31916543016vlohj,2026-08-04T17:00:00
recon:446,pay_Nl2D4Zg0QfulBf,payment,,,order_001157,UPI,2375968,0,0,2375968,2026-08-02T09:18:00,setl_Awp1O7n8ORK56S,31916543016vlohj,2026-08-04T17:00:00
recon:447,pay_Np60517U0HKDce,payment,,,order_000767,UPI,536333,0,0,536333,2026-08-05T16:38:00,setl_lxwhkHkDARnBtp,594898959651,2026-08-07T17:00:00
recon:448,pay_NsWVYCoIpt9ZYE,payment,,,order_000090,NETBANKING,2351153,24712,4448,2321993,2026-07-17T16:14:00,setl_uPHQccb6jE2RlU,JFKO1MH1BTOHNZ7F,2026-07-21T17:00:00
recon:449,pay_NubYbvb4EcV3j6,payment,,,order_000811,CARD,1774370,35487,6388,1732495,2026-07-22T15:45:00,setl_gwP280Jo59JRJO,176484673571,2026-07-24T17:00:00
recon:450,pay_Nvf08WpRtoZmjb,payment,,,order_000028,UPI,1110144,0,0,1110144,2026-08-10T13:45:00,setl_g9a5WKCidSlh3E,7548534651v4iicp,2026-08-12T17:00:00
recon:451,pay_NyC6VpRFNqwODE,payment,,,order_000856,CARD,213274,4265,768,208241,2026-08-05T17:40:00,setl_lxwhkHkDARnBtp,594898959651,2026-08-07T17:00:00
recon:452,pay_O0a0woU9rlqbIQ,payment,,,,CARD,2427288,48546,8738,2370004,2026-08-08T14:47:00,setl_K4r4AqbHWR1QSJ,HBSK160I4N87RGPK,2026-08-11T17:00:00
recon:453,pay_O69wdssHO7eGmX,payment,,,order_000413,UPI,339141,0,0,339141,2026-08-13T14:39:00,setl_eo7IJxd4ns4lm1,VXEB1PMT3SLQ0NGB,2026-08-17T17:00:00
recon:454,pay_O8vgs6AZbUD25q,payment,,,order_000829,UPI,96175,0,0,96175,2026-08-05T18:38:00,setl_ApwuSoEmcLVyrK,FOOC1HWIYOUNDX3A,2026-08-07T17:00:00
recon:455,pay_OEhPQ5sAlF6SPp,payment,,,order_000411,UPI,1034622,0,0,1034622,2026-08-10T12:26:00,setl_g9a5WKCidSlh3E,7548534651v4iicp,2026-08-12T17:00:00
recon:456,pay_ORES0hxGUKb2qk,payment,,,order_000412,CARD,1888751,37775,6800,1844176,2026-07-18T15:16:00,setl_uPHQccb6jE2RlU,JFKO1MH1BTOHNZ7F,2026-07-21T17:00:00
recon:457,pay_OSJoRu1XXdo0cZ,payment,,,order_000004,CARD,2448203,48964,8814,2390425,2026-08-08T13:20:00,setl_K4r4AqbHWR1QSJ,HBSK160I4N87RGPK,2026-08-11T17:00:00
recon:458,pay_OUpoS4wtigyGLt,payment,,,order_000226,CARD,1153100,23062,4151,1125887,2026-07-16T18:20:00,setl_4V0jo5CDCiKBzR,GGOA1HRDCWJ28EBX,2026-07-20T17:00:00
recon:459,pay_OW1PRPetSBU92p,payment,,,,UPI,394387,0,0,394387,2026-08-01T13:15:00,setl_Awp1O7n8ORK56S,31916543016vlohj,2026-08-04T17:00:00
recon:460,pay_OYE68QwGt2k1Q4,payment,,,order_000221,NETBANKING,1185515,13055,2350,1170110,2026-08-07T13:38:00,setl_K4r4AqbHWR1QSJ,HBSK160I4N87RGPK,2026-08-11T17:00:00
recon:461,pay_Oauw0NEJjYr9uF,payment,,,order_000885,NETBANKING,166099,2861,515,162723,2026-07-24T13:59:00,setl_l04NvnxPd5yp15,7311804671rgpa5u,2026-07-28T17:00:00
recon:462,pay_ObF4OIsP9tEpZZ,payment,,,order_000109,UPI,446258,0,0,446258,2026-08-09T14:59:00,setl_K4r4AqbHWR1QSJ,HBSK160I4N87RGPK,2026-08-11T17:00:00
recon:463,pay_OgbEBZbLZO7v1q,payment,,,order_000509,UPI,24814,0,0,24814,2026-07-18T14:15:00,setl_uPHQccb6jE2RlU,JFKO1MH1BTOHNZ7F,2026-07-21T17:00:00
recon:464,pay_OknKU1wdPqW0hd,payment,,,order_000370,UPI,496500,0,0,496500,2026-08-09T17:33:00,setl_K4r4AqbHWR1QSJ,HBSK160I4N87RGPK,2026-08-11T17:00:00
recon:465,pay_Oo6fDmqS2kdzNB,payment,,,order_000449,UPI,1055586,0,0,1055586,2026-08-13T12:41:00,setl_eo7IJxd4ns4lm1,VXEB1PMT3SLQ0NGB,2026-08-17T17:00:00
recon:466,pay_OqXYknJX3JPuVz,payment,,,order_000830,UPI,1229536,0,0,1229536,2026-07-23T16:49:00,setl_Wqijn9nSjj8k6T,1944258921llwzdy,2026-07-27T17:00:00
recon:467,pay_P32fNMGyDLJ9YV,payment,,,,UPI,219796,0,0,219796,2026-07-30T17:59:00,setl_DIKPDzcK9HEnek,PHCZ1LI2YB3V7848,2026-08-03T17:00:00
recon:468,pay_PDjqipVJIqVLB5,payment,,,order_000005,CARD,1959920,39198,7056,1913666,2026-08-14T15:47:00,setl_toQCTLAGVSRZQz,8008529461djf52s,2026-08-18T17:00:00
recon:469,pay_PMWMVURRW2Df4H,payment,,,order_001029,NETBANKING,1728080,18481,3327,1706272,2026-08-10T18:14:00,setl_g9a5WKCidSlh3E,7548534651v4iicp,2026-08-12T17:00:00
recon:470,pay_PN6Np9cR4uy6Y8,payment,,,order_000253,NETBANKING,158551,2786,501,155264,2026-08-11T10:14:00,setl_actrKB2ty7ejUN,BAEX1WGIHN3VZW7Z,2026-08-13T17:00:00
recon:471,pay_PTFCYbfsozSptQ,payment,,,order_000041,CARD,1200199,24004,4321,1171874,2026-08-08T17:34:00,setl_K4r4AqbHWR1QSJ,HBSK160I4N87RGPK,2026-08-11T17:00:00
recon:472,pay_PVFDkUYwkiUIFl,payment,,,,NETBANKING,2336333,24563,4421,2307349,2026-08-02T16:36:00,setl_Awp1O7n8ORK56S,31916543016vlohj,2026-08-04T17:00:00
recon:473,pay_Pc3K12BJ8SFYoT,payment,,,order_000901,NETBANKING,15009,1350,243,13416,2026-08-12T12:29:00,setl_mvLvOR1E9aJ8BZ,STGC1QX9TMQUZYOF,2026-08-14T17:00:00
recon:474,pay_PdohPclRG3CLuc,payment,,,order_000705,CARD,1901258,38025,6845,1856388,2026-07-31T12:14:00,setl_Awp1O7n8ORK56S,31916543016vlohj,2026-08-04T17:00:00
recon:475,pay_PeO0D6StPAhic8,payment,,,order_000064,CARD,939917,18798,3384,917735,2026-07-31T11:47:00,setl_Awp1O7n8ORK56S,31916543016vlohj,2026-08-04T17:00:00
recon:476,pay_Pl1XRDSEOlZieT,payment,,,order_000098,UPI,299816,0,0,299816,2026-08-08T16:07:00,setl_K4r4AqbHWR1QSJ,HBSK160I4N87RGPK,2026-08-11T17:00:00
recon:477,pay_PmLZONWDaqWAMr,payment,,,order_000792,UPI,501890,0,0,501890,2026-07-16T16:42:00,setl_4V0jo5CDCiKBzR,GGOA1HRDCWJ28EBX,2026-07-20T17:00:00
recon:478,pay_PnTh1SaAgvnCjj,payment,,,order_000983,UPI,835388,0,0,835388,2026-07-28T14:36:00,setl_YEcxuqKeZl7OQe,NXIC1EVV1RBFYNU2,2026-07-30T17:00:00
recon:479,pay_Pp0nIhaPwOMxuf,payment,,,order_000602,UPI,1568328,0,0,1568328,2026-08-13T17:47:00,setl_eo7IJxd4ns4lm1,VXEB1PMT3SLQ0NGB,2026-08-17T17:00:00
recon:480,pay_PqVEnm0Ir7JSri,payment,,,order_000122,NETBANKING,2136677,22567,4062,2110048,2026-07-25T12:29:00,setl_l04NvnxPd5yp15,7311804671rgpa5u,2026-07-28T17:00:00
recon:481,pay_PsTrMPzr4CX38x,payment,,,,UPI,259203,0,0,259203,2026-07-28T12:20:00,setl_YEcxuqKeZl7OQe,NXIC1EVV1RBFYNU2,2026-07-30T17:00:00
recon:482,pay_Q53xWyyUNvRDKc,payment,,,order_001054,UPI,1952616,0,0,1952616,2026-08-06T12:56:00,setl_7sAQBptvWq3587,HJWI1ETHZPPQR2SO,2026-08-10T17:00:00
recon:483,pay_QFHNSLqdxoMTea,payment,,,order_000310,UPI,1753001,0,0,1753001,2026-07-31T13:01:00,setl_Awp1O7n8ORK56S,31916543016vlohj,2026-08-04T17:00:00
recon:484,pay_QNAyo5zvIc9Q4C,payment,,,order_000491,NETBANKING,1604651,17247,3104,1584300,2026-08-06T18:56:00,setl_7sAQBptvWq3587,HJWI1ETHZPPQR2SO,2026-08-10T17:00:00
recon:485,pay_QU7xzCM13oV6iE,payment,,,order_000920,UPI,16901,0,0,16901,2026-07-29T13:19:00,setl_JFwZldEZaZibqk,FVAC15GIFJTEMP1Z,2026-07-31T17:00:00
recon:486,pay_QVlhaTiSakF8wH,payment,,,order_000182,CARD,1117500,22350,4023,1091127,2026-07-19T20:11:00,setl_uPHQccb6jE2RlU,JFKO1MH1BTOHNZ7F,2026-07-21T17:00:00
recon:487,pay_QY0TKRiTyHVpgu,payment,,,order_000485,CARD,237461,4749,855,231857,2026-08-05T18:45:00,setl_ApwuSoEmcLVyrK,FOOC1HWIYOUNDX3A,2026-08-07T17:00:00
recon:488,pay_Qa5ZD5sRIkeC8w,payment,,,order_000058,CARD,539844,10797,1943,527104,2026-08-14T12:32:00,setl_toQCTLAGVSRZQz,8008529461djf52s,2026-08-18T17:00:00
recon:489,pay_QbftmErP3VGmdN,payment,,,order_001082,NETBANKING,1410123,15301,2754,1392068,2026-08-05T15:44:00,setl_ApwuSoEmcLVyrK,FOOC1HWIYOUNDX3A,2026-08-07T17:00:00
recon:490,pay_QijyKVrd6UOxTX,payment,,,order_000581,UPI,1279086,0,0,1279086,2026-08-03T13:53:00,setl_ckhLew1bXwFZyr,974700026871,2026-08-05T17:00:00
recon:491,pay_QnmtkBro76nXwb,payment,,,,UPI,2157189,0,0,2157189,2026-08-02T17:56:00,setl_Awp1O7n8ORK56S,31916543016vlohj,2026-08-04T17:00:00
recon:492,pay_Qq3IVyZNKLBLHG,payment,,,order_001137,CARD,642076,12842,2312,626922,2026-07-23T13:57:00,setl_Wqijn9nSjj8k6T,1944258921llwzdy,2026-07-27T17:00:00
recon:493,pay_QrzySZgDA0Bjbs,payment,,,order_000681,UPI,618888,0,0,618888,2026-07-25T16:08:00,setl_l04NvnxPd5yp15,7311804671rgpa5u,2026-07-28T17:00:00
recon:494,pay_Qs2AnoXDJyhm2E,payment,,,,CARD,1628827,32577,5864,1590386,2026-08-02T12:11:00,setl_Awp1O7n8ORK56S,31916543016vlohj,2026-08-04T17:00:00
recon:495,pay_QstCMTBkSCwCcU,payment,,,order_000101,UPI,30931,0,0,30931,2026-07-29T13:06:00,setl_JFwZldEZaZibqk,FVAC15GIFJTEMP1Z,2026-07-31T17:00:00
recon:496,pay_QxxjXuhauSaTvn,payment,,,order_000652,UPI,28112,0,0,28112,2026-07-26T19:15:00,setl_l04NvnxPd5yp15,7311804671rgpa5u,2026-07-28T17:00:00
recon:497,pay_R1k7dgwEl8dhGP,payment,,,,UPI,2414765,0,0,2414765,2026-08-03T12:36:00,setl_ckhLew1bXwFZyr,974700026871,2026-08-05T17:00:00
recon:498,pay_R40RVeEty3Mc38,payment,,,,UPI,34976,0,0,34976,2026-08-06T12:54:00,setl_7sAQBptvWq3587,HJWI1ETHZPPQR2SO,2026-08-10T17:00:00
recon:499,pay_R5vPfowoV3tAY4,payment,,,order_000222,CARD,98282,1966,354,95962,2026-07-20T14:54:00,setl_Fk6cmhmyNwwTjH,2092973521xwnpjk,2026-07-22T17:00:00
recon:500,pay_R60SwQKfck5tvg,payment,,,order_000955,UPI,349277,0,0,349277,2026-07-21T11:39:00,setl_jOSX0CoSNm5HMM,JLPW1OWOIO11F6WC,2026-07-23T17:00:00
recon:501,pay_R76mFVmpVp3qno,payment,,,order_000285,CARD,2244126,44883,8079,2191164,2026-07-27T14:02:00,setl_o2J8tXhPJuja4Q,YMFM1D6SZO4XYEUR,2026-07-29T17:00:00
recon:502,pay_RB1gnI1S4VXBP0,payment,,,order_000255,NETBANKING,127927,2479,446,125002,2026-07-16T13:26:00,setl_4V0jo5CDCiKBzR,GGOA1HRDCWJ28EBX,2026-07-20T17:00:00
recon:503,pay_RBj5QRtN0sw4gr,payment,,,order_000611,UPI,908441,0,0,908441,2026-08-04T14:02:00,setl_zttIQWBFztKCLC,163656045001,2026-08-06T17:00:00
recon:504,pay_RBlwn6lrrC4jcN,payment,,,order_000194,NETBANKING,17159,1372,247,15540,2026-08-14T16:56:00,setl_toQCTLAGVSRZQz,8008529461djf52s,2026-08-18T17:00:00
recon:505,pay_RBm0Oj1Mqu6U6Z,payment,,,order_000210,UPI,460427,0,0,460427,2026-07-21T14:32:00,setl_jOSX0CoSNm5HMM,JLPW1OWOIO11F6WC,2026-07-23T17:00:00
recon:506,pay_RH857L596Lv4Ck,payment,,,order_000998,NETBANKING,780434,9004,1621,769809,2026-08-07T13:51:00,setl_K4r4AqbHWR1QSJ,HBSK160I4N87RGPK,2026-08-11T17:00:00
recon:507,pay_RJX3ivxVZxVXLH,payment,,,order_000596,UPI,1127014,0,0,1127014,2026-07-31T15:23:00,setl_Awp1O7n8ORK56S,31916543016vlohj,2026-08-04T17:00:00
recon:508,pay_RPZSqNEm9prJto,payment,,,order_000120,UPI,1885768,0,0,1885768,2026-08-02T15:52:00,setl_Awp1O7n8ORK56S,31916543016vlohj,2026-08-04T17:00:00
recon:509,pay_RRVbJEdyXySiBS,payment,,,order_000695,UPI,1854164,0,0,1854164,2026-07-17T10:26:00,setl_uPHQccb6jE2RlU,JFKO1MH1BTOHNZ7F,2026-07-21T17:00:00
recon:510,pay_RUdo1MIWXJZznA,payment,,,,UPI,30354,0,0,30354,2026-07-28T11:09:00,setl_YEcxuqKeZl7OQe,NXIC1EVV1RBFYNU2,2026-07-30T17:00:00
recon:511,pay_RWmlN2O5z0BGuf,payment,,,order_000126,NETBANKING,231292,3513,632,227147,2026-08-07T11:26:00,setl_K4r4AqbHWR1QSJ,HBSK160I4N87RGPK,2026-08-11T17:00:00
recon:512,pay_RgEevrOu3rqPT8,payment,,,order_000219,CARD,213566,4271,769,208526,2026-08-01T15:53:00,setl_Awp1O7n8ORK56S,31916543016vlohj,2026-08-04T17:00:00
recon:513,pay_RrSyvxZG2YBATv,payment,,,order_000869,CARD,18217,364,66,17787,2026-07-25T16:42:00,setl_l04NvnxPd5yp15,7311804671rgpa5u,2026-07-28T17:00:00
recon:514,pay_RrZMX5po0bBErv,payment,,,order_000950,NETBANKING,879382,9994,1799,867589,2026-08-01T13:00:00,setl_Awp1O7n8ORK56S,31916543016vlohj,2026-08-04T17:00:00
recon:515,pay_RsNQSSMKYJl9DV,payment,,,order_000341,UPI,93954,0,0,93954,2026-08-14T14:03:00,setl_toQCTLAGVSRZQz,8008529461djf52s,2026-08-18T17:00:00
recon:516,pay_RsraAnbYAQirrD,payment,,,order_000770,UPI,2071681,0,0,2071681,2026-07-24T20:26:00,setl_l04NvnxPd5yp15,7311804671rgpa5u,2026-07-28T17:00:00
recon:517,pay_Rxgka9HaauytbZ,payment,,,order_000842,CARD,786324,15726,2831,767767,2026-07-24T12:22:00,setl_l04NvnxPd5yp15,7311804671rgpa5u,2026-07-28T17:00:00
recon:518,pay_S1TYtzN0Z2lApl,payment,,,order_000532,CARD,532416,10648,1917,519851,2026-08-08T13:27:00,setl_K4r4AqbHWR1QSJ,HBSK160I4N87RGPK,2026-08-11T17:00:00
recon:519,pay_S6dfuhvn3U7l64,payment,,,order_001167,UPI,1448623,0,0,1448623,2026-07-27T12:26:00,setl_o2J8tXhPJuja4Q,YMFM1D6SZO4XYEUR,2026-07-29T17:00:00
recon:520,pay_S6i4Ptk374rfPx,payment,,,order_000173,UPI,469785,0,0,469785,2026-07-21T18:06:00,setl_jOSX0CoSNm5HMM,JLPW1OWOIO11F6WC,2026-07-23T17:00:00
recon:521,pay_S78FUA0kjGiFTD,payment,,,order_000487,CARD,2482693,49654,8938,2424101,2026-08-12T16:39:00,setl_mvLvOR1E9aJ8BZ,STGC1QX9TMQUZYOF,2026-08-14T17:00:00
recon:522,pay_S8NIKYnYRfN4vV,payment,,,,UPI,1423598,0,0,1423598,2026-07-28T16:46:00,setl_YEcxuqKeZl7OQe,NXIC1EVV1RBFYNU2,2026-07-30T17:00:00
recon:523,pay_S8RyZAySEi2vlg,payment,,,order_000841,UPI,419699,0,0,419699,2026-07-31T11:08:00,setl_Awp1O7n8ORK56S,31916543016vlohj,2026-08-04T17:00:00
recon:524,pay_SBbksUmEwCoGoL,payment,,,,CARD,313809,6276,1130,306403,2026-07-31T11:59:00,setl_Awp1O7n8ORK56S,31916543016vlohj,2026-08-04T17:00:00
recon:525,pay_SDgDtRPTXDEo8o,payment,,,order_000355,UPI,1614759,0,0,1614759,2026-07-18T20:27:00,setl_uPHQccb6jE2RlU,JFKO1MH1BTOHNZ7F,2026-07-21T17:00:00
recon:526,pay_SIizAuCblDL5T5,payment,,,order_000336,UPI,2200677,0,0,2200677,2026-08-08T19:05:00,setl_K4r4AqbHWR1QSJ,HBSK160I4N87RGPK,2026-08-11T17:00:00
recon:527,pay_SNEVt26SpkuRek,payment,,,order_000665,UPI,644327,0,0,644327,2026-07-25T17:38:00,setl_l04NvnxPd5yp15,7311804671rgpa5u,2026-07-28T17:00:00
recon:528,pay_SNFmubjdIblgsr,payment,,,order_000301,CARD,524420,10488,1888,512044,2026-07-20T15:01:00,setl_Fk6cmhmyNwwTjH,2092973521xwnpjk,2026-07-22T17:00:00
recon:529,pay_SQgfQwZIAWLoJd,payment,,,order_000208,UPI,71758,0,0,71758,2026-07-24T16:24:00,setl_l04NvnxPd5yp15,7311804671rgpa5u,2026-07-28T17:00:00
recon:530,pay_SR9SRzZtfiiamh,payment,,,,CARD,960229,19205,3457,937567,2026-08-08T19:19:00,setl_K4r4AqbHWR1QSJ,HBSK160I4N87RGPK,2026-08-11T17:00:00
recon:531,pay_STqrOdK0b3T7EM,payment,,,order_000745,UPI,409215,0,0,409215,2026-07-24T11:48:00,setl_l04NvnxPd5yp15,7311804671rgpa5u,2026-07-28T17:00:00
recon:532,pay_STzzzgoU04SrFn,payment,,,order_000664,UPI,1950773,0,0,1950773,2026-07-23T11:28:00,setl_Wqijn9nSjj8k6T,1944258921llwzdy,2026-07-27T17:00:00
recon:533,pay_SWxx2zrClKiKRo,payment,,,order_000289,UPI,125144,0,0,125144,2026-08-04T17:29:00,setl_zttIQWBFztKCLC,163656045001,2026-08-06T17:00:00
recon:534,pay_SaA0Ayr15m0XFq,payment,,,order_000850,CARD,199682,3994,719,194969,2026-08-06T15:55:00,setl_7sAQBptvWq3587,HJWI1ETHZPPQR2SO,2026-08-10T17:00:00
recon:535,pay_SaaRnyLguxN3ql,payment,,,order_000288,UPI,540987,0,0,540987,2026-08-09T12:31:00,setl_K4r4AqbHWR1QSJ,HBSK160I4N87RGPK,2026-08-11T17:00:00
recon:536,pay_SemffTM64Qz2qj,payment,,,order_000833,CARD,408577,8172,1471,398934,2026-08-02T16:06:00,setl_Awp1O7n8ORK56S,31916543016vlohj,2026-08-04T17:00:00
recon:537,pay_SinjOrHCAp8lNS,payment,,,order_000387,NETBANKING,1498180,16182,2913,1479085,2026-08-05T14:14:00,setl_lxwhkHkDARnBtp,594898959651,2026-08-07T17:00:00
recon:538,pay_T0YPhWWn9Q5hl3,payment,,,order_000573,UPI,864619,0,0,864619,2026-08-02T18:19:00,setl_Awp1O7n8ORK56S,31916543016vlohj,2026-08-04T17:00:00
recon:539,pay_T3KjmXjntlgbIM,payment,,,order_000804,CARD,1997741,39955,7192,1950594,2026-08-06T13:01:00,setl_7sAQBptvWq3587,HJWI1ETHZPPQR2SO,2026-08-10T17:00:00
recon:540,pay_T5UZrUX856Ov8m,payment,,,order_001195,UPI,415341,0,0,415341,2026-08-14T14:34:00,setl_toQCTLAGVSRZQz,8008529461djf52s,2026-08-18T17:00:00
recon:541,pay_TDx4nDiA9dp8j5,payment,,,order_000943,CARD,411088,8222,1480,401386,2026-08-13T13:24:00,setl_eo7IJxd4ns4lm1,VXEB1PMT3SLQ0NGB,2026-08-17T17:00:00
recon:542,pay_TFjF92S7oBC5OY,payment,,,order_001068,CARD,869602,17392,3131,849079,2026-07-25T18:49:00,setl_l04NvnxPd5yp15,7311804671rgpa5u,2026-07-28T17:00:00
recon:543,pay_TKWS2TOSrKaupQ,payment,,,order_001099,NETBANKING,26471,1465,264,24742,2026-07-24T12:52:00,setl_l04NvnxPd5yp15,7311804671rgpa5u,2026-07-28T17:00:00
recon:544,pay_TMnam0Ozh3rKGF,payment,,,order_000505,UPI,2048062,0,0,2048062,2026-07-23T17:14:00,setl_Wqijn9nSjj8k6T,1944258921llwzdy,2026-07-27T17:00:00
recon:545,pay_TSMcn12ujfTp9w,payment,,,order_000191,UPI,244978,0,0,244978,2026-07-24T10:19:00,setl_l04NvnxPd5yp15,7311804671rgpa5u,2026-07-28T17:00:00
recon:546,pay_TSqGsPit4Mv2VN,payment,,,order_001050,CARD,1300323,26006,4681,1269636,2026-08-04T15:25:00,setl_zttIQWBFztKCLC,163656045001,2026-08-06T17:00:00
recon:547,pay_TSyFzpjPSa5W3X,payment,,,order_000029,UPI,838521,0,0,838521,2026-08-09T13:50:00,setl_K4r4AqbHWR1QSJ,HBSK160I4N87RGPK,2026-08-11T17:00:00
recon:548,pay_TUEHAXA0KeiuPe,payment,,,order_000106,UPI,408950,0,0,408950,2026-08-02T14:35:00,setl_Awp1O7n8ORK56S,31916543016vlohj,2026-08-04T17:00:00
recon:549,pay_TVu92x5XCV4nlu,payment,,,order_000800,NETBANKING,1549835,16698,3006,1530131,2026-07-16T13:48:00,setl_4V0jo5CDCiKBzR,GGOA1HRDCWJ28EBX,2026-07-20T17:00:00
recon:550,pay_TWUAbaV1IM6jgV,payment,,,order_000730,UPI,647507,0,0,647507,2026-08-11T15:37:00,setl_actrKB2ty7ejUN,BAEX1WGIHN3VZW7Z,2026-08-13T17:00:00
recon:551,pay_TdtygujA5uqy80,payment,,,order_000495,CARD,96823,1936,348,94539,2026-08-06T11:18:00,setl_7sAQBptvWq3587,HJWI1ETHZPPQR2SO,2026-08-10T17:00:00
recon:552,pay_TefrjyTYOjVyux,payment,,,,NETBANKING,1597676,17177,3092,1577407,2026-08-03T15:08:00,setl_ckhLew1bXwFZyr,974700026871,2026-08-05T17:00:00
recon:553,pay_Tim6V7flfT8faB,payment,,,order_000872,NETBANKING,51973,1720,310,49943,2026-08-05T15:51:00,setl_ApwuSoEmcLVyrK,FOOC1HWIYOUNDX3A,2026-08-07T17:00:00
recon:554,pay_Tk5LU8xHa8QzA1,payment,,,order_000748,NETBANKING,263897,3839,691,259367,2026-08-04T09:38:00,setl_zttIQWBFztKCLC,163656045001,2026-08-06T17:00:00
recon:555,pay_Tk6xsn89eHnZ0l,payment,,,order_001069,UPI,2424981,0,0,2424981,2026-07-20T12:36:00,setl_Fk6cmhmyNwwTjH,2092973521xwnpjk,2026-07-22T17:00:00
recon:556,pay_Tr9zgLYXLtkYn9,payment,,,order_000649,UPI,1793704,0,0,1793704,2026-07-28T14:08:00,setl_YEcxuqKeZl7OQe,NXIC1EVV1RBFYNU2,2026-07-30T17:00:00
recon:557,pay_TtzQPxC5HChpoe,payment,,,order_000010,CARD,1197654,23953,4312,1169389,2026-08-04T17:45:00,setl_zttIQWBFztKCLC,163656045001,2026-08-06T17:00:00
recon:558,pay_U0YjcpSCPWD8hb,payment,,,order_000699,NETBANKING,52441,1724,310,50407,2026-08-01T12:29:00,setl_Awp1O7n8ORK56S,31916543016vlohj,2026-08-04T17:00:00
recon:559,pay_U1TO7gDyVvpMEc,payment,,,order_000911,UPI,32104,0,0,32104,2026-08-13T12:53:00,setl_eo7IJxd4ns4lm1,VXEB1PMT3SLQ0NGB,2026-08-17T17:00:00
recon:560,pay_U4vCaqnpSewqYg,payment,,,order_000203,UPI,1130598,0,0,1130598,2026-07-26T11:54:00,setl_l04NvnxPd5yp15,7311804671rgpa5u,2026-07-28T17:00:00
recon:561,pay_U5iE6Fh4ACceqP,payment,,,order_000235,UPI,1939166,0,0,1939166,2026-07-28T17:41:00,setl_YEcxuqKeZl7OQe,NXIC1EVV1RBFYNU2,2026-07-30T17:00:00
recon:562,pay_UAIUh24HZdMEQH,payment,,,order_000710,CARD,1002312,20046,3608,978658,2026-08-14T13:59:00,setl_toQCTLAGVSRZQz,8008529461djf52s,2026-08-18T17:00:00
recon:563,pay_ULB9xY3uYT1Nsl,payment,,,,NETBANKING,1008110,11281,2031,994798,2026-08-01T16:06:00,setl_Awp1O7n8ORK56S,31916543016vlohj,2026-08-04T17:00:00
recon:564,pay_USCuetcZThb2vP,payment,,,order_000160,CARD,38682,774,139,37769,2026-08-10T15:59:00,setl_g9a5WKCidSlh3E,7548534651v4iicp,2026-08-12T17:00:00
recon:565,pay_UVu6wa0r5HN6jS,payment,,,order_000481,NETBANKING,1911261,20313,3656,1887292,2026-07-25T18:11:00,setl_l04NvnxPd5yp15,7311804671rgpa5u,2026-07-28T17:00:00
recon:566,pay_UaRxKgBgXhGBnI,payment,,,order_001180,UPI,2072199,0,0,2072199,2026-07-27T20:12:00,setl_o2J8tXhPJuja4Q,YMFM1D6SZO4XYEUR,2026-07-29T17:00:00
recon:567,pay_UcgcFGoPwBEtY2,payment,,,order_000694,CARD,56651,1133,204,55314,2026-07-29T11:56:00,setl_JFwZldEZaZibqk,FVAC15GIFJTEMP1Z,2026-07-31T17:00:00
recon:568,pay_UcsMbHi4taton2,payment,,,order_000314,CARD,406837,8137,1465,397235,2026-08-08T16:42:00,setl_K4r4AqbHWR1QSJ,HBSK160I4N87RGPK,2026-08-11T17:00:00
recon:569,pay_UiDN1SdRSvcsRO,payment,,,order_001015,UPI,203520,0,0,203520,2026-08-02T21:13:00,setl_Awp1O7n8ORK56S,31916543016vlohj,2026-08-04T17:00:00
recon:570,pay_UmBL6fsocE7wpZ,payment,,,order_000673,UPI,65563,0,0,65563,2026-08-06T18:49:00,setl_7sAQBptvWq3587,HJWI1ETHZPPQR2SO,2026-08-10T17:00:00
recon:571,pay_UrOSPmTxKQP0GM,payment,,,order_000577,UPI,27371,0,0,27371,2026-07-24T19:16:00,setl_l04NvnxPd5yp15,7311804671rgpa5u,2026-07-28T17:00:00
recon:572,pay_Ut1LLQF3jCIEwv,payment,,,order_000053,CARD,15016,300,54,14662,2026-08-09T17:42:00,setl_K4r4AqbHWR1QSJ,HBSK160I4N87RGPK,2026-08-11T17:00:00
recon:573,pay_UtruWwzfJXuFNd,payment,,,,CARD,1615408,32308,5815,1577285,2026-08-05T12:04:00,setl_lxwhkHkDARnBtp,594898959651,2026-08-07T17:00:00
recon:574,pay_UxMvERztc74oW7,payment,,,order_000756,UPI,162448,0,0,162448,2026-07-30T17:57:00,setl_DIKPDzcK9HEnek,PHCZ1LI2YB3V7848,2026-08-03T17:00:00
recon:575,pay_Uy3WIdDJw0Okxq,payment,,,order_001129,UPI,1220276,0,0,1220276,2026-08-13T17:07:00,setl_eo7IJxd4ns4lm1,VXEB1PMT3SLQ0NGB,2026-08-17T17:00:00
recon:576,pay_UyJbOBPuzluN1W,payment,,,order_000888,CARD,261995,5240,943,255812,2026-08-12T15:49:00,setl_mvLvOR1E9aJ8BZ,STGC1QX9TMQUZYOF,2026-08-14T17:00:00
recon:577,pay_VHJLSKoCxzDXRL,payment,,,order_000159,UPI,137471,0,0,137471,2026-08-10T15:46:00,setl_g9a5WKCidSlh3E,7548534651v4iicp,2026-08-12T17:00:00
recon:578,pay_VI0reNyzkjKfZ3,payment,,,order_001188,UPI,1777390,0,0,1777390,2026-07-22T11:22:00,setl_Ezf6dJDcGlyMFY,823601071261,2026-07-24T17:00:00
recon:579,pay_VI3fZdCKHppqZV,payment,,,order_000789,UPI,725614,0,0,725614,2026-07-26T19:52:00,setl_l04NvnxPd5yp15,7311804671rgpa5u,2026-07-28T17:00:00
recon:580,pay_VMqegJddv7pE6w,payment,,,,UPI,1262236,0,0,1262236,2026-08-07T18:36:00,setl_K4r4AqbHWR1QSJ,HBSK160I4N87RGPK,2026-08-11T17:00:00
recon:581,pay_VO4cRgYefba633,payment,,,order_000862,CARD,946730,18935,3408,924387,2026-07-20T20:00:00,setl_Fk6cmhmyNwwTjH,2092973521xwnpjk,2026-07-22T17:00:00
recon:582,pay_VS8IALVUj4APg1,payment,,,,UPI,1132136,0,0,1132136,2026-07-23T18:54:00,setl_Wqijn9nSjj8k6T,1944258921llwzdy,2026-07-27T17:00:00
recon:583,pay_VUyPPYJ92BZooq,payment,,,order_000562,UPI,1294089,0,0,1294089,2026-08-14T11:05:00,setl_toQCTLAGVSRZQz,8008529461djf52s,2026-08-18T17:00:00
recon:584,pay_VV5UwnA5P2Gjkl,payment,,,order_000260,CARD,245699,4914,885,239900,2026-07-16T19:09:00,setl_4V0jo5CDCiKBzR,GGOA1HRDCWJ28EBX,2026-07-20T17:00:00
recon:585,pay_VZ19ou1tg6UfOz,payment,,,order_000831,UPI,959181,0,0,959181,2026-08-12T19:03:00,setl_mvLvOR1E9aJ8BZ,STGC1QX9TMQUZYOF,2026-08-14T17:00:00
recon:586,pay_VcRRA3HE3yeYA9,payment,,,order_000780,CARD,27121,542,98,26481,2026-08-12T14:20:00,setl_mvLvOR1E9aJ8BZ,STGC1QX9TMQUZYOF,2026-08-14T17:00:00
recon:587,pay_Vd73Xl2FUzt0Q6,payment,,,order_000566,NETBANKING,140883,2609,470,137804,2026-08-11T13:01:00,setl_actrKB2ty7ejUN,BAEX1WGIHN3VZW7Z,2026-08-13T17:00:00
recon:588,pay_VeCWxMO1b7lugS,payment,,,,CARD,18479,370,67,18042,2026-08-14T10:39:00,setl_toQCTLAGVSRZQz,8008529461djf52s,2026-08-18T17:00:00
recon:589,pay_VhkmC3hc4BFkOZ,payment,,,order_000735,UPI,80291,0,0,80291,2026-07-29T11:01:00,setl_JFwZldEZaZibqk,FVAC15GIFJTEMP1Z,2026-07-31T17:00:00
recon:590,pay_VjEZalAFi52OHI,payment,,,order_000290,UPI,1605548,0,0,1605548,2026-07-23T20:50:00,setl_Wqijn9nSjj8k6T,1944258921llwzdy,2026-07-27T17:00:00
recon:591,pay_VqLIKlyPyxLP51,payment,,,order_000268,CARD,200877,4018,723,196136,2026-07-26T11:51:00,setl_l04NvnxPd5yp15,7311804671rgpa5u,2026-07-28T17:00:00
recon:592,pay_W5TCaVRfuLX66x,payment,,,order_000876,NETBANKING,30884,1509,272,29103,2026-08-08T12:16:00,setl_K4r4AqbHWR1QSJ,HBSK160I4N87RGPK,2026-08-11T17:00:00
recon:593,pay_W8fFkBHcIaHgZU,payment,,,order_001094,UPI,409897,0,0,409897,2026-08-10T17:31:00,setl_g9a5WKCidSlh3E,7548534651v4iicp,2026-08-12T17:00:00
recon:594,pay_W9uygD9G2AXJU3,payment,,,order_001018,NETBANKING,648452,7685,1383,639384,2026-08-08T10:09:00,setl_K4r4AqbHWR1QSJ,HBSK160I4N87RGPK,2026-08-11T17:00:00
recon:595,pay_WB1JesEihS3rvH,payment,,,order_000342,UPI,1686993,0,0,1686993,2026-08-09T14:15:00,setl_K4r4AqbHWR1QSJ,HBSK160I4N87RGPK,2026-08-11T17:00:00
recon:596,pay_WEarxip2GHJ2Xw,payment,,,order_001063,UPI,1747239,0,0,1747239,2026-08-01T20:24:00,setl_Awp1O7n8ORK56S,31916543016vlohj,2026-08-04T17:00:00
recon:597,pay_WFBWGcQXJUVKGe,payment,,,,CARD,1954867,39097,7037,1908733,2026-07-27T10:32:00,setl_o2J8tXhPJuja4Q,YMFM1D6SZO4XYEUR,2026-07-29T17:00:00
recon:598,pay_WOQzbGWsFbQTSA,payment,,,order_000891,UPI,274177,0,0,274177,2026-08-09T12:21:00,setl_K4r4AqbHWR1QSJ,HBSK160I4N87RGPK,2026-08-11T17:00:00
recon:599,pay_WOT3gCkSt5bcuY,payment,,,order_000057,NETBANKING,2393504,25135,4524,2363845,2026-07-23T14:47:00,setl_Wqijn9nSjj8k6T,1944258921llwzdy,2026-07-27T17:00:00
recon:600,pay_WP8hCtKVaDvpZV,payment,,,order_000484,CARD,53094,1062,191,51841,2026-08-11T16:42:00,setl_actrKB2ty7ejUN,BAEX1WGIHN3VZW7Z,2026-08-13T17:00:00
recon:601,pay_WSZepBNxCVjCMX,payment,,,order_000853,UPI,99570,0,0,99570,2026-07-19T12:24:00,setl_uPHQccb6jE2RlU,JFKO1MH1BTOHNZ7F,2026-07-21T17:00:00
recon:602,pay_WTZYeKgZ3Ilxum,payment,,,order_000162,UPI,120232,0,0,120232,2026-08-03T16:33:00,setl_ckhLew1bXwFZyr,974700026871,2026-08-05T17:00:00
recon:603,pay_WWsACupQBhlD9u,payment,,,order_000724,UPI,1943301,0,0,1943301,2026-07-31T14:36:00,setl_Awp1O7n8ORK56S,31916543016vlohj,2026-08-04T17:00:00
recon:604,pay_WZ6NZSRrsPVIZr,payment,,,order_000300,UPI,157613,0,0,157613,2026-07-28T15:56:00,setl_YEcxuqKeZl7OQe,NXIC1EVV1RBFYNU2,2026-07-30T17:00:00
recon:605,pay_WaAi1OoeTjanGD,payment,,,order_000144,UPI,1124582,0,0,1124582,2026-07-17T19:42:00,setl_uPHQccb6jE2RlU,JFKO1MH1BTOHNZ7F,2026-07-21T17:00:00
recon:606,pay_WdZgJy8U7Rs28I,payment,,,order_000701,UPI,2157655,0,0,2157655,2026-07-26T18:23:00,setl_l04NvnxPd5yp15,7311804671rgpa5u,2026-07-28T17:00:00
recon:607,pay_WgoOPDj1S5WmTa,payment,,,order_000906,CARD,428659,8573,1543,418543,2026-08-11T17:25:00,setl_actrKB2ty7ejUN,BAEX1WGIHN3VZW7Z,2026-08-13T17:00:00
recon:608,pay_WhC844wHGV7oKC,payment,,,order_001106,UPI,62489,0,0,62489,2026-08-02T17:34:00,setl_Awp1O7n8ORK56S,31916543016vlohj,2026-08-04T17:00:00
recon:609,pay_Wnel79C3NFSu3D,payment,,,order_000332,UPI,2441913,0,0,2441913,2026-08-14T15:17:00,setl_toQCTLAGVSRZQz,8008529461djf52s,2026-08-18T17:00:00
recon:610,pay_WoBPfTganEeiLo,payment,,,order_000174,UPI,1324741,0,0,1324741,2026-08-05T12:58:00,setl_ApwuSoEmcLVyrK,FOOC1HWIYOUNDX3A,2026-08-07T17:00:00
recon:611,pay_WodXFqAtVv1jcu,payment,,,order_000733,CARD,1766955,35339,6361,1725255,2026-07-20T18:14:00,setl_Fk6cmhmyNwwTjH,2092973521xwnpjk,2026-07-22T17:00:00
recon:612,pay_WtFjqhNgBuPc3m,payment,,,order_001115,UPI,2286835,0,0,2286835,2026-08-11T11:10:00,setl_actrKB2ty7ejUN,BAEX1WGIHN3VZW7Z,2026-08-13T17:00:00
recon:613,pay_Wug7rDrmTMDskL,payment,,,order_000887,UPI,891340,0,0,891340,2026-07-20T16:46:00,setl_Fk6cmhmyNwwTjH,2092973521xwnpjk,2026-07-22T17:00:00
recon:614,pay_WxWs33clzYoURx,payment,,,order_001013,CARD,327600,6552,1179,319869,2026-07-17T18:14:00,setl_uPHQccb6jE2RlU,JFKO1MH1BTOHNZ7F,2026-07-21T17:00:00
recon:615,pay_Wzt0nIOg80mbbb,payment,,,order_000907,UPI,248531,0,0,248531,2026-07-31T12:53:00,setl_Awp1O7n8ORK56S,31916543016vlohj,2026-08-04T17:00:00
recon:616,pay_X0sDkBsN6dSH5j,payment,,,order_000335,UPI,1958665,0,0,1958665,2026-08-09T11:59:00,setl_K4r4AqbHWR1QSJ,HBSK160I4N87RGPK,2026-08-11T17:00:00
recon:617,pay_X33C1o6OTTPxWL,payment,,,order_000249,NETBANKING,971965,10920,1966,959079,2026-08-02T11:36:00,setl_Awp1O7n8ORK56S,31916543016vlohj,2026-08-04T17:00:00
recon:618,pay_X7ON1QtFYKJweY,payment,,,order_000251,UPI,900321,0,0,900321,2026-07-30T13:18:00,setl_DIKPDzcK9HEnek,PHCZ1LI2YB3V7848,2026-08-03T17:00:00
recon:619,pay_XAfWiN6tYpLGxi,payment,,,order_000676,UPI,16734,0,0,16734,2026-07-29T19:21:00,setl_JFwZldEZaZibqk,FVAC15GIFJTEMP1Z,2026-07-31T17:00:00
recon:620,pay_XEDB0ULru2p17f,payment,,,order_000039,UPI,2116556,0,0,2116556,2026-07-21T19:38:00,setl_jOSX0CoSNm5HMM,JLPW1OWOIO11F6WC,2026-07-23T17:00:00
recon:621,pay_XGcBHzEZZS0gCF,payment,,,order_000394,UPI,565462,0,0,565462,2026-08-13T11:50:00,setl_eo7IJxd4ns4lm1,VXEB1PMT3SLQ0NGB,2026-08-17T17:00:00
recon:622,pay_XLVSeVo1Q76XFJ,payment,,,order_000972,UPI,1024885,0,0,1024885,2026-08-09T16:54:00,setl_K4r4AqbHWR1QSJ,HBSK160I4N87RGPK,2026-08-11T17:00:00
recon:623,pay_XLgjgkCDuAhIw9,payment,,,order_000190,UPI,61038,0,0,61038,2026-07-30T15:11:00,setl_DIKPDzcK9HEnek,PHCZ1LI2YB3V7848,2026-08-03T17:00:00
recon:624,pay_XPjujyCUYYE0eh,payment,,,order_000612,UPI,2392102,0,0,2392102,2026-07-24T13:58:00,setl_l04NvnxPd5yp15,7311804671rgpa5u,2026-07-28T17:00:00
recon:625,pay_XSsmRRxTIJunZD,payment,,,order_000924,CARD,63204,1264,228,61712,2026-08-06T13:35:00,setl_7sAQBptvWq3587,HJWI1ETHZPPQR2SO,2026-08-10T17:00:00
recon:626,pay_XUNpGKeg0LWaHn,payment,,,order_000420,UPI,1832183,0,0,1832183,2026-08-08T14:51:00,setl_K4r4AqbHWR1QSJ,HBSK160I4N87RGPK,2026-08-11T17:00:00
recon:627,pay_XWYqtPcC9BzmRt,payment,,,order_001190,UPI,854455,0,0,854455,2026-08-01T16:13:00,setl_Awp1O7n8ORK56S,31916543016vlohj,2026-08-04T17:00:00
recon:628,pay_XbLS0x7CLKlC5b,payment,,,order_000865,UPI,580125,0,0,580125,2026-08-09T12:01:00,setl_K4r4AqbHWR1QSJ,HBSK160I4N87RGPK,2026-08-11T17:00:00
recon:629,pay_XfiNBOBzB9Eyac,payment,,,order_000225,NETBANKING,1547142,16671,3001,1527470,2026-08-09T14:45:00,setl_K4r4AqbHWR1QSJ,HBSK160I4N87RGPK,2026-08-11T17:00:00
recon:630,pay_XfzGVrS74xD8Fu,payment,,,order_000171,CARD,1583996,31680,5702,1546614,2026-08-05T19:08:00,setl_lxwhkHkDARnBtp,594898959651,2026-08-07T17:00:00
recon:631,pay_XmZHuKv7Whq1mX,payment,,,order_001035,NETBANKING,1949398,20694,3725,1924979,2026-07-31T17:26:00,setl_Awp1O7n8ORK56S,31916543016vlohj,2026-08-04T17:00:00
recon:632,pay_XmgilbWNNrMKNo,payment,,,order_000330,CARD,201286,4026,725,196535,2026-07-25T17:48:00,setl_l04NvnxPd5yp15,7311804671rgpa5u,2026-07-28T17:00:00
recon:633,pay_XnqnDqc7hHQOlE,payment,,,order_000753,NETBANKING,35468,1555,280,33633,2026-08-01T20:25:00,setl_Awp1O7n8ORK56S,31916543016vlohj,2026-08-04T17:00:00
recon:634,pay_XvRMdYOPvevgJR,payment,,,order_000086,UPI,387977,0,0,387977,2026-08-04T12:29:00,setl_zttIQWBFztKCLC,163656045001,2026-08-06T17:00:00
recon:635,pay_XxGLgCGo8NcUY6,payment,,,order_000069,UPI,578623,0,0,578623,2026-08-08T17:48:00,setl_K4r4AqbHWR1QSJ,HBSK160I4N87RGPK,2026-08-11T17:00:00
recon:636,pay_Y41BgiHCSuG7RT,payment,,,order_000675,CARD,98559,1971,355,96233,2026-07-18T15:08:00,setl_uPHQccb6jE2RlU,JFKO1MH1BTOHNZ7F,2026-07-21T17:00:00
recon:637,pay_YA8FtpnJdbw4qw,payment,,,order_000474,UPI,616983,0,0,616983,2026-07-31T11:57:00,setl_Awp1O7n8ORK56S,31916543016vlohj,2026-08-04T17:00:00
recon:638,pay_YAQi61Vv8PJSur,payment,,,order_001191,UPI,177509,0,0,177509,2026-07-29T10:32:00,setl_JFwZldEZaZibqk,FVAC15GIFJTEMP1Z,2026-07-31T17:00:00
recon:639,pay_YEcduf8tawWs9z,payment,,,order_000622,CARD,804738,16095,2897,785746,2026-07-23T14:27:00,setl_Wqijn9nSjj8k6T,1944258921llwzdy,2026-07-27T17:00:00
recon:640,pay_YICu2K3lfkLVLX,payment,,,order_001177,NETBANKING,801473,9215,1659,790599,2026-08-14T17:05:00,setl_toQCTLAGVSRZQz,8008529461djf52s,2026-08-18T17:00:00
recon:641,pay_YLPcno5mC3pznt,payment,,,order_000522,UPI,1026839,0,0,1026839,2026-08-07T18:08:00,setl_K4r4AqbHWR1QSJ,HBSK160I4N87RGPK,2026-08-11T17:00:00
recon:642,pay_YSpFlZH3cvf9jM,payment,,,order_000369,CARD,91450,1829,329,89292,2026-07-21T12:23:00,setl_jOSX0CoSNm5HMM,JLPW1OWOIO11F6WC,2026-07-23T17:00:00
recon:643,pay_YWcHYAP0sWbo2U,payment,,,order_000543,UPI,265564,0,0,265564,2026-08-14T17:51:00,setl_toQCTLAGVSRZQz,8008529461djf52s,2026-08-18T17:00:00
recon:644,pay_YXorIzISGoNc4B,payment,,,order_001112,UPI,833378,0,0,833378,2026-08-02T18:16:00,setl_Awp1O7n8ORK56S,31916543016vlohj,2026-08-04T17:00:00
recon:645,pay_YhUkxAQvj6pYEn,payment,,,order_000782,UPI,850412,0,0,850412,2026-07-19T11:35:00,setl_uPHQccb6jE2RlU,JFKO1MH1BTOHNZ7F,2026-07-21T17:00:00
recon:646,pay_Yr3sGK90HG66bX,payment,,,order_001014,UPI,250323,0,0,250323,2026-07-22T10:11:00,setl_gwP280Jo59JRJO,176484673571,2026-07-24T17:00:00
recon:647,pay_YvpiYKne1WJnLn,payment,,,order_000067,CARD,16133,323,58,15752,2026-07-18T13:42:00,setl_uPHQccb6jE2RlU,JFKO1MH1BTOHNZ7F,2026-07-21T17:00:00
recon:648,pay_YxGohmYipYFbxJ,payment,,,order_000105,NETBANKING,1025553,11456,2062,1012035,2026-08-12T13:46:00,setl_mvLvOR1E9aJ8BZ,STGC1QX9TMQUZYOF,2026-08-14T17:00:00
recon:649,pay_Yz13o38mI957K7,payment,,,order_001056,CARD,1796680,35934,6468,1754278,2026-08-05T13:28:00,setl_lxwhkHkDARnBtp,594898959651,2026-08-07T17:00:00
recon:650,pay_ZGCFcs5PmuGf8g,payment,,,order_000254,CARD,364374,7287,1312,355775,2026-07-25T13:17:00,setl_l04NvnxPd5yp15,7311804671rgpa5u,2026-07-28T17:00:00
recon:651,pay_ZNRkWGiCklK8KQ,payment,,,order_000266,UPI,1801896,0,0,1801896,2026-07-28T15:11:00,setl_YEcxuqKeZl7OQe,NXIC1EVV1RBFYNU2,2026-07-30T17:00:00
recon:652,pay_ZPjZKHDALJKn32,payment,,,order_001159,NETBANKING,228386,3484,627,224275,2026-08-01T14:10:00,setl_Awp1O7n8ORK56S,31916543016vlohj,2026-08-04T17:00:00
recon:653,pay_ZVuRCoMFzVNYfw,payment,,,,CARD,20202,404,73,19725,2026-08-11T18:01:00,setl_actrKB2ty7ejUN,BAEX1WGIHN3VZW7Z,2026-08-13T17:00:00
recon:654,pay_ZXMahtKQu1q2lC,payment,,,order_000703,UPI,1536294,0,0,1536294,2026-08-04T15:17:00,setl_zttIQWBFztKCLC,163656045001,2026-08-06T17:00:00
recon:655,pay_ZajX3tJ3ZY5fFg,payment,,,,CARD,630109,12602,2268,615239,2026-07-22T10:54:00,setl_gwP280Jo59JRJO,176484673571,2026-07-24T17:00:00
recon:656,pay_ZcY1OuptI0Bsc2,payment,,,order_000975,NETBANKING,50636,1706,307,48623,2026-07-31T18:53:00,setl_Awp1O7n8ORK56S,31916543016vlohj,2026-08-04T17:00:00
recon:657,pay_ZeCBOy3eKfiYHt,payment,,,order_000690,CARD,1824896,36498,6570,1781828,2026-08-01T16:31:00,setl_Awp1O7n8ORK56S,31916543016vlohj,2026-08-04T17:00:00
recon:658,pay_ZgSUGNlm2LOOjo,payment,,,order_000593,UPI,1255231,0,0,1255231,2026-08-07T14:26:00,setl_K4r4AqbHWR1QSJ,HBSK160I4N87RGPK,2026-08-11T17:00:00
recon:659,pay_Zl4AblV7vY7AZQ,payment,,,order_000022,UPI,2383150,0,0,2383150,2026-08-04T15:28:00,setl_zttIQWBFztKCLC,163656045001,2026-08-06T17:00:00
recon:660,pay_ZlhQ3biawYYpLu,payment,,,order_000068,UPI,740204,0,0,740204,2026-07-20T10:26:00,setl_Fk6cmhmyNwwTjH,2092973521xwnpjk,2026-07-22T17:00:00
recon:661,pay_Zqyl0FDQ9zYT3u,payment,,,order_000960,UPI,1773100,0,0,1773100,2026-07-28T15:52:00,setl_YEcxuqKeZl7OQe,NXIC1EVV1RBFYNU2,2026-07-30T17:00:00
recon:662,pay_ZsKpketN5vICdi,payment,,,order_000353,UPI,2226086,0,0,2226086,2026-08-02T18:28:00,setl_Awp1O7n8ORK56S,31916543016vlohj,2026-08-04T17:00:00
recon:663,pay_ZyrSk7iLDhiu3j,payment,,,order_000657,UPI,948026,0,0,948026,2026-07-17T16:53:00,setl_uPHQccb6jE2RlU,JFKO1MH1BTOHNZ7F,2026-07-21T17:00:00
recon:664,pay_a4SjDxwHleqDD4,payment,,,order_001178,NETBANKING,94782,2148,387,92247,2026-07-23T15:00:00,setl_Wqijn9nSjj8k6T,1944258921llwzdy,2026-07-27T17:00:00
recon:665,pay_a71F0nYA4vgfGL,payment,,,order_000994,UPI,1218320,0,0,1218320,2026-07-31T16:03:00,setl_Awp1O7n8ORK56S,31916543016vlohj,2026-08-04T17:00:00
recon:666,pay_a8xYoGsr4Qqt15,payment,,,order_000639,CARD,1380030,27601,4968,1347461,2026-08-14T18:14:00,setl_toQCTLAGVSRZQz,8008529461djf52s,2026-08-18T17:00:00
recon:667,pay_aC812iOCOLgcnV,payment,,,order_000634,NETBANKING,688732,8087,1456,679189,2026-07-31T15:56:00,setl_Awp1O7n8ORK56S,31916543016vlohj,2026-08-04T17:00:00
recon:668,pay_aNPkCwUnOVj6AN,payment,,,order_000176,NETBANKING,714375,8344,1502,704529,2026-08-12T15:23:00,setl_mvLvOR1E9aJ8BZ,STGC1QX9TMQUZYOF,2026-08-14T17:00:00
recon:669,pay_aSkfF2BPYvK2g5,payment,,,order_000148,UPI,22824,0,0,22824,2026-07-18T15:36:00,setl_uPHQccb6jE2RlU,JFKO1MH1BTOHNZ7F,2026-07-21T17:00:00
recon:670,pay_aYSNLHYAhAjjKL,payment,,,,UPI,2105347,0,0,2105347,2026-08-02T15:21:00,setl_Awp1O7n8ORK56S,31916543016vlohj,2026-08-04T17:00:00
recon:671,pay_aZFNSmheajM4hH,payment,,,order_000679,CARD,2446410,48928,8807,2388675,2026-08-12T12:13:00,setl_mvLvOR1E9aJ8BZ,STGC1QX9TMQUZYOF,2026-08-14T17:00:00
recon:672,pay_ajCe0zMZpHv6K4,payment,,,order_000531,NETBANKING,203531,3235,582,199714,2026-08-03T14:32:00,setl_ckhLew1bXwFZyr,974700026871,2026-08-05T17:00:00
recon:673,pay_amCxHmaLtvg6x6,payment,,,order_000744,UPI,1403986,0,0,1403986,2026-08-02T16:21:00,setl_Awp1O7n8ORK56S,31916543016vlohj,2026-08-04T17:00:00
recon:674,pay_aoVbWrR6Twmf0N,payment,,,order_000504,CARD,107554,2151,387,105016,2026-08-09T12:35:00,setl_K4r4AqbHWR1QSJ,HBSK160I4N87RGPK,2026-08-11T17:00:00
recon:675,pay_aqIhDxRVRqLy0O,payment,,,order_000063,CARD,1568567,31371,5647,1531549,2026-07-23T16:23:00,setl_Wqijn9nSjj8k6T,1944258921llwzdy,2026-07-27T17:00:00
recon:676,pay_atfJ2aW85Kx7i8,payment,,,order_001150,CARD,101686,2034,366,99286,2026-08-05T19:36:00,setl_ApwuSoEmcLVyrK,FOOC1HWIYOUNDX3A,2026-08-07T17:00:00
recon:677,pay_atsnBYLMPuDCCR,payment,,,order_000027,CARD,761084,15222,2740,743122,2026-08-13T13:42:00,setl_eo7IJxd4ns4lm1,VXEB1PMT3SLQ0NGB,2026-08-17T17:00:00
recon:678,pay_b8UbZyfXTv6wXX,payment,,,order_000727,CARD,924455,18489,3328,902638,2026-08-05T13:28:00,setl_ApwuSoEmcLVyrK,FOOC1HWIYOUNDX3A,2026-08-07T17:00:00
recon:679,pay_bJLuWokZ90ynIN,payment,,,order_000929,CARD,153829,3077,554,150198,2026-08-03T14:42:00,setl_ckhLew1bXwFZyr,974700026871,2026-08-05T17:00:00
recon:680,pay_bKRs1oHGkWjXgg,payment,,,order_000666,UPI,20071,0,0,20071,2026-08-03T12:41:00,setl_ckhLew1bXwFZyr,974700026871,2026-08-05T17:00:00
recon:681,pay_bTCqLZkzWMTKN8,payment,,,order_001028,UPI,97112,0,0,97112,2026-08-03T14:09:00,setl_ckhLew1bXwFZyr,974700026871,2026-08-05T17:00:00
recon:682,pay_bTSw8KKjK8m1Z4,payment,,,order_000198,NETBANKING,2090868,22109,3980,2064779,2026-07-23T17:11:00,setl_Wqijn9nSjj8k6T,1944258921llwzdy,2026-07-27T17:00:00
recon:683,pay_bYWoscroIskXDK,payment,,,order_000166,CARD,31983,640,115,31228,2026-07-31T19:03:00,setl_Awp1O7n8ORK56S,31916543016vlohj,2026-08-04T17:00:00
recon:684,pay_bem5PCZif521Zv,payment,,,order_000193,CARD,1656486,33130,5963,1617393,2026-08-06T12:37:00,setl_7sAQBptvWq3587,HJWI1ETHZPPQR2SO,2026-08-10T17:00:00
recon:685,pay_bf8zGD9pnLwdds,payment,,,order_000112,CARD,251565,5031,906,245628,2026-07-21T20:19:00,setl_jOSX0CoSNm5HMM,JLPW1OWOIO11F6WC,2026-07-23T17:00:00
recon:686,pay_bgi7VUqkQsQqAk,payment,,,order_000967,UPI,2241587,0,0,2241587,2026-07-16T15:59:00,setl_4V0jo5CDCiKBzR,GGOA1HRDCWJ28EBX,2026-07-20T17:00:00
recon:687,pay_bpskIgenMaW6tm,payment,,,,UPI,1796116,0,0,1796116,2026-07-19T12:49:00,setl_uPHQccb6jE2RlU,JFKO1MH1BTOHNZ7F,2026-07-21T17:00:00
recon:688,pay_brYnp1T14LCfZI,payment,,,order_000493,CARD,95284,1906,343,93035,2026-08-01T10:51:00,setl_Awp1O7n8ORK56S,31916543016vlohj,2026-08-04T17:00:00
recon:689,pay_buMYxvA5PxE8sN,payment,,,order_000707,CARD,214139,4283,771,209085,2026-08-11T16:40:00,setl_actrKB2ty7ejUN,BAEX1WGIHN3VZW7Z,2026-08-13T17:00:00
recon:690,pay_bxtl8nv8XFmoij,payment,,,order_000088,CARD,657522,13150,2367,642005,2026-07-20T20:43:00,setl_Fk6cmhmyNwwTjH,2092973521xwnpjk,2026-07-22T17:00:00
recon:691,pay_byjdQdmrWYksRq,payment,,,order_000246,UPI,694017,0,0,694017,2026-08-11T17:35:00,setl_actrKB2ty7ejUN,BAEX1WGIHN3VZW7Z,2026-08-13T17:00:00
recon:692,pay_c0gBrsdpCnRq1g,payment,,,order_001043,UPI,229817,0,0,229817,2026-08-12T16:21:00,setl_mvLvOR1E9aJ8BZ,STGC1QX9TMQUZYOF,2026-08-14T17:00:00
recon:693,pay_cAEuEQf11l1myK,payment,,,order_001107,UPI,182341,0,0,182341,2026-07-16T19:45:00,setl_4V0jo5CDCiKBzR,GGOA1HRDCWJ28EBX,2026-07-20T17:00:00
recon:694,pay_cExy6jl792cJZ6,payment,,,order_000184,UPI,15375,0,0,15375,2026-07-23T19:49:00,setl_Wqijn9nSjj8k6T,1944258921llwzdy,2026-07-27T17:00:00
recon:695,pay_cVjFPbE66NcpSP,payment,,,order_000383,NETBANKING,2140381,22604,4069,2113708,2026-08-12T17:55:00,setl_mvLvOR1E9aJ8BZ,STGC1QX9TMQUZYOF,2026-08-14T17:00:00
recon:696,pay_cm8ft5LV5KIlPu,payment,,,order_000847,NETBANKING,706598,8266,1488,696844,2026-08-10T16:07:00,setl_g9a5WKCidSlh3E,7548534651v4iicp,2026-08-12T17:00:00
recon:697,pay_cp43kr4OIsQ6eS,payment,,,order_000533,CARD,1227939,24559,4421,1198959,2026-07-28T15:36:00,setl_YEcxuqKeZl7OQe,NXIC1EVV1RBFYNU2,2026-07-30T17:00:00
recon:698,pay_crAhhCkMuLypKb,payment,,,order_000654,UPI,621268,0,0,621268,2026-07-26T16:58:00,setl_l04NvnxPd5yp15,7311804671rgpa5u,2026-07-28T17:00:00
recon:699,pay_crMmSGAlOV118a,payment,,,order_000749,NETBANKING,89017,2090,376,86551,2026-08-11T19:34:00,setl_actrKB2ty7ejUN,BAEX1WGIHN3VZW7Z,2026-08-13T17:00:00
recon:700,pay_cz2vQkSEZCw8Gt,payment,,,order_000957,CARD,1194791,23896,4301,1166594,2026-07-21T20:08:00,setl_jOSX0CoSNm5HMM,JLPW1OWOIO11F6WC,2026-07-23T17:00:00
recon:701,pay_d6wx223X0isDj1,payment,,,,CARD,2122439,42449,7641,2072349,2026-07-16T18:35:00,setl_4V0jo5CDCiKBzR,GGOA1HRDCWJ28EBX,2026-07-20T17:00:00
recon:702,pay_d8woPeX9PcWb8p,payment,,,order_000035,UPI,1409177,0,0,1409177,2026-08-11T15:23:00,setl_actrKB2ty7ejUN,BAEX1WGIHN3VZW7Z,2026-08-13T17:00:00
recon:703,pay_d98zsy5HA5EDui,payment,,,order_000820,CARD,116594,2332,420,113842,2026-08-09T12:52:00,setl_K4r4AqbHWR1QSJ,HBSK160I4N87RGPK,2026-08-11T17:00:00
recon:704,pay_dC0C7rTdzxCNvw,payment,,,order_001163,UPI,287009,0,0,287009,2026-08-10T15:08:00,setl_g9a5WKCidSlh3E,7548534651v4iicp,2026-08-12T17:00:00
recon:705,pay_dCgZ51vTfGPlcp,payment,,,order_000085,CARD,71556,1431,258,69867,2026-08-03T14:14:00,setl_ckhLew1bXwFZyr,974700026871,2026-08-05T17:00:00
recon:706,pay_dDAXl3OHm3L8CP,payment,,,order_001038,CARD,1367451,27349,4923,1335179,2026-07-18T14:18:00,setl_uPHQccb6jE2RlU,JFKO1MH1BTOHNZ7F,2026-07-21T17:00:00
recon:707,pay_dDfmGcACgpdDTo,payment,,,order_001095,NETBANKING,306878,4269,768,301841,2026-08-03T10:09:00,setl_ckhLew1bXwFZyr,974700026871,2026-08-05T17:00:00
recon:708,pay_dEh6qcetQaWgYh,payment,,,order_000418,UPI,670197,0,0,670197,2026-07-17T13:00:00,setl_uPHQccb6jE2RlU,JFKO1MH1BTOHNZ7F,2026-07-21T17:00:00
recon:709,pay_dL8fr5NJu9eClq,payment,,,order_000704,CARD,132926,2659,479,129788,2026-07-17T15:42:00,setl_uPHQccb6jE2RlU,JFKO1MH1BTOHNZ7F,2026-07-21T17:00:00
recon:710,pay_dPpStqCBvcrVWQ,payment,,,order_000867,UPI,2053951,0,0,2053951,2026-07-24T18:19:00,setl_l04NvnxPd5yp15,7311804671rgpa5u,2026-07-28T17:00:00
recon:711,pay_dPy7BVppEc60xO,payment,,,order_000549,CARD,351858,7037,1267,343554,2026-07-27T17:54:00,setl_o2J8tXhPJuja4Q,YMFM1D6SZO4XYEUR,2026-07-29T17:00:00
recon:712,pay_dQsZVNbsFfiGe2,payment,,,order_000367,CARD,86040,1721,310,84009,2026-07-25T14:09:00,setl_l04NvnxPd5yp15,7311804671rgpa5u,2026-07-28T17:00:00
recon:713,pay_dhhNiUMRld2RXE,payment,,,order_001119,UPI,1619663,0,0,1619663,2026-07-26T15:42:00,setl_l04NvnxPd5yp15,7311804671rgpa5u,2026-07-28T17:00:00
recon:714,pay_dlJnNsIiO71oiQ,payment,,,order_001183,NETBANKING,80630,2006,361,78263,2026-08-01T11:27:00,setl_Awp1O7n8ORK56S,31916543016vlohj,2026-08-04T17:00:00
recon:715,pay_drFUovO0ctCAoK,payment,,,order_000726,CARD,183890,3678,662,179550,2026-07-26T17:44:00,setl_l04NvnxPd5yp15,7311804671rgpa5u,2026-07-28T17:00:00
recon:716,pay_dsZz10UXcxzT7G,payment,,,order_000781,UPI,1717663,0,0,1717663,2026-08-07T19:39:00,setl_K4r4AqbHWR1QSJ,HBSK160I4N87RGPK,2026-08-11T17:00:00
recon:717,pay_dtNOBegRdJds2y,payment,,,order_000511,UPI,1614905,0,0,1614905,2026-08-07T13:30:00,setl_K4r4AqbHWR1QSJ,HBSK160I4N87RGPK,2026-08-11T17:00:00
recon:718,pay_dyAHtSOoovBEdG,payment,,,order_000594,UPI,35549,0,0,35549,2026-07-22T11:42:00,setl_gwP280Jo59JRJO,176484673571,2026-07-24T17:00:00
recon:719,pay_e0SDEuPPz0ykdZ,payment,,,order_000620,NETBANKING,924822,10448,1881,912493,2026-07-28T13:42:00,setl_YEcxuqKeZl7OQe,NXIC1EVV1RBFYNU2,2026-07-30T17:00:00
recon:720,pay_e5c3veGprQFnIi,payment,,,order_000011,UPI,23613,0,0,23613,2026-08-03T15:47:00,setl_ckhLew1bXwFZyr,974700026871,2026-08-05T17:00:00
recon:721,pay_eA4c6hy7KkmWB9,payment,,,order_000548,CARD,2438371,48767,8778,2380826,2026-07-28T18:19:00,setl_YEcxuqKeZl7OQe,NXIC1EVV1RBFYNU2,2026-07-30T17:00:00
recon:722,pay_eBMbAeJfT5XjXP,payment,,,order_000921,CARD,629147,12583,2265,614299,2026-07-29T12:28:00,setl_JFwZldEZaZibqk,FVAC15GIFJTEMP1Z,2026-07-31T17:00:00
recon:723,pay_eCajJvgyjk7wLW,payment,,,order_001111,UPI,257510,0,0,257510,2026-08-04T17:44:00,setl_zttIQWBFztKCLC,163656045001,2026-08-06T17:00:00
recon:724,pay_eFnyuqi5zlsgDI,payment,,,order_001174,UPI,1720496,0,0,1720496,2026-07-26T11:44:00,setl_l04NvnxPd5yp15,7311804671rgpa5u,2026-07-28T17:00:00
recon:725,pay_eIb510QCRhw0y0,payment,,,order_000503,UPI,1061998,0,0,1061998,2026-08-09T17:15:00,setl_K4r4AqbHWR1QSJ,HBSK160I4N87RGPK,2026-08-11T17:00:00
recon:726,pay_eMsw0GJEc732Ee,payment,,,order_000944,UPI,1905043,0,0,1905043,2026-07-17T15:20:00,setl_uPHQccb6jE2RlU,JFKO1MH1BTOHNZ7F,2026-07-21T17:00:00
recon:727,pay_eNeHAUkUmpMXWl,payment,,,order_000840,NETBANKING,50595,1706,307,48582,2026-08-04T09:54:00,setl_zttIQWBFztKCLC,163656045001,2026-08-06T17:00:00
recon:728,pay_eQWHXFYDmsQFFG,payment,,,order_000427,UPI,38061,0,0,38061,2026-08-04T15:38:00,setl_zttIQWBFztKCLC,163656045001,2026-08-06T17:00:00
recon:729,pay_eXMNCWgOCLhfd6,payment,,,order_000510,UPI,154278,0,0,154278,2026-07-26T11:14:00,setl_l04NvnxPd5yp15,7311804671rgpa5u,2026-07-28T17:00:00
recon:730,pay_eaVYcKcP55A1Rc,payment,,,order_001175,UPI,1835897,0,0,1835897,2026-07-21T11:17:00,setl_jOSX0CoSNm5HMM,JLPW1OWOIO11F6WC,2026-07-23T17:00:00
recon:731,pay_eeFdnaQnD0ymFg,payment,,,order_000659,CARD,120342,2407,433,117502,2026-08-11T16:12:00,setl_actrKB2ty7ejUN,BAEX1WGIHN3VZW7Z,2026-08-13T17:00:00
recon:732,pay_eefq48QwEzG6p6,payment,,,order_000916,UPI,1239784,0,0,1239784,2026-07-29T16:39:00,setl_JFwZldEZaZibqk,FVAC15GIFJTEMP1Z,2026-07-31T17:00:00
recon:733,pay_ekCWGyJXyzMrnl,payment,,,order_000600,NETBANKING,670218,7902,1422,660894,2026-08-11T17:59:00,setl_actrKB2ty7ejUN,BAEX1WGIHN3VZW7Z,2026-08-13T17:00:00
recon:734,pay_enauvEcHnOOBJV,payment,,,order_001067,UPI,1889351,0,0,1889351,2026-07-23T12:08:00,setl_Wqijn9nSjj8k6T,1944258921llwzdy,2026-07-27T17:00:00
recon:735,pay_eo98ri5zhUVL8R,payment,,,order_000822,CARD,1744820,34896,6281,1703643,2026-08-05T17:20:00,setl_lxwhkHkDARnBtp,594898959651,2026-08-07T17:00:00
recon:736,pay_f3eaUaVZv36Nej,payment,,,,UPI,154515,0,0,154515,2026-07-21T17:49:00,setl_jOSX0CoSNm5HMM,JLPW1OWOIO11F6WC,2026-07-23T17:00:00
recon:737,pay_fA12hdCOTdug2I,payment,,,order_000747,NETBANKING,1814398,19344,3482,1791572,2026-08-13T15:25:00,setl_eo7IJxd4ns4lm1,VXEB1PMT3SLQ0NGB,2026-08-17T17:00:00
recon:738,pay_fDan256kRgfMka,payment,,,order_001041,UPI,752255,0,0,752255,2026-07-21T13:20:00,setl_jOSX0CoSNm5HMM,JLPW1OWOIO11F6WC,2026-07-23T17:00:00
recon:739,pay_fEUSM7YTsBM2uq,payment,,,order_000343,CARD,998100,19962,3593,974545,2026-08-04T11:47:00,setl_zttIQWBFztKCLC,163656045001,2026-08-06T17:00:00
recon:740,pay_fH4NfpEOVQ9QeR,payment,,,order_000365,NETBANKING,552171,6722,1210,544239,2026-08-08T21:20:00,setl_K4r4AqbHWR1QSJ,HBSK160I4N87RGPK,2026-08-11T17:00:00
recon:741,pay_fKybVUiDOOXwlp,payment,,,order_000644,CARD,2121022,42420,7636,2070966,2026-08-09T11:59:00,setl_K4r4AqbHWR1QSJ,HBSK160I4N87RGPK,2026-08-11T17:00:00
recon:742,pay_fL4xG51kznjIa6,payment,,,order_000892,CARD,318337,6367,1146,310824,2026-07-17T14:55:00,setl_uPHQccb6jE2RlU,JFKO1MH1BTOHNZ7F,2026-07-21T17:00:00
recon:743,pay_fLTAHKXSZVoSfp,payment,,,,CARD,146587,2932,528,143127,2026-08-02T18:25:00,setl_Awp1O7n8ORK56S,31916543016vlohj,2026-08-04T17:00:00
recon:744,pay_fMq4iv7wPDCWI3,payment,,,order_000903,CARD,2311795,46236,8322,2257237,2026-07-20T20:32:00,setl_Fk6cmhmyNwwTjH,2092973521xwnpjk,2026-07-22T17:00:00
recon:745,pay_fP74ytopVsCOii,payment,,,order_000295,UPI,964394,0,0,964394,2026-07-28T18:33:00,setl_YEcxuqKeZl7OQe,NXIC1EVV1RBFYNU2,2026-07-30T17:00:00
recon:746,pay_fQViFsyMlYegIR,payment,,,order_001151,CARD,225124,4502,810,219812,2026-08-01T16:54:00,setl_Awp1O7n8ORK56S,31916543016vlohj,2026-08-04T17:00:00
recon:747,pay_fQm0Nv002bd8ey,payment,,,order_001037,NETBANKING,116456,2365,426,113665,2026-07-18T11:45:00,setl_uPHQccb6jE2RlU,JFKO1MH1BTOHNZ7F,2026-07-21T17:00:00
recon:748,pay_fT158osaZCIugz,payment,,,,UPI,33611,0,0,33611,2026-07-16T19:56:00,setl_4V0jo5CDCiKBzR,GGOA1HRDCWJ28EBX,2026-07-20T17:00:00
recon:749,pay_fT1x2QHFzbxUrx,payment,,,order_001194,UPI,159194,0,0,159194,2026-07-23T16:33:00,setl_Wqijn9nSjj8k6T,1944258921llwzdy,2026-07-27T17:00:00
recon:750,pay_fYVajIBF5f7YZS,payment,,,order_000954,UPI,40179,0,0,40179,2026-07-21T14:52:00,setl_jOSX0CoSNm5HMM,JLPW1OWOIO11F6WC,2026-07-23T17:00:00
recon:751,pay_ffUF0eWIXiiQE8,payment,,,order_000009,UPI,814906,0,0,814906,2026-08-11T14:24:00,setl_actrKB2ty7ejUN,BAEX1WGIHN3VZW7Z,2026-08-13T17:00:00
recon:752,pay_ffdB4iEnCexRHz,payment,,,order_000486,UPI,1720477,0,0,1720477,2026-07-27T18:20:00,setl_o2J8tXhPJuja4Q,YMFM1D6SZO4XYEUR,2026-07-29T17:00:00
recon:753,pay_fh6flUfluLO9bX,payment,,,order_000750,NETBANKING,2165537,22855,4114,2138568,2026-07-26T16:40:00,setl_l04NvnxPd5yp15,7311804671rgpa5u,2026-07-28T17:00:00
recon:754,pay_fkKdfVsJ7FZ3a9,payment,,,order_000583,UPI,158179,0,0,158179,2026-08-12T13:35:00,setl_mvLvOR1E9aJ8BZ,STGC1QX9TMQUZYOF,2026-08-14T17:00:00
recon:755,pay_flmG9DJ7Tbcp7H,payment,,,order_000326,UPI,900992,0,0,900992,2026-08-01T13:04:00,setl_Awp1O7n8ORK56S,31916543016vlohj,2026-08-04T17:00:00
recon:756,pay_fmU5Zx05Ia7S3d,payment,,,order_000656,NETBANKING,142307,2623,472,139212,2026-07-19T18:17:00,setl_uPHQccb6jE2RlU,JFKO1MH1BTOHNZ7F,2026-07-21T17:00:00
recon:757,pay_fpkNE87QeXu74d,payment,,,order_000952,UPI,287609,0,0,287609,2026-07-27T19:17:00,setl_o2J8tXhPJuja4Q,YMFM1D6SZO4XYEUR,2026-07-29T17:00:00
recon:758,pay_fsDBf6ZEtjiR5t,payment,,,order_000463,CARD,1055968,21119,3801,1031048,2026-08-05T14:14:00,setl_lxwhkHkDARnBtp,594898959651,2026-08-07T17:00:00
recon:759,pay_fsM4IAqmaTVYaK,payment,,,order_000275,CARD,2073214,41464,7464,2024286,2026-07-29T13:31:00,setl_JFwZldEZaZibqk,FVAC15GIFJTEMP1Z,2026-07-31T17:00:00
recon:760,pay_g0Clt9zeMgR0MX,payment,,,order_000358,CARD,278089,5562,1001,271526,2026-07-18T17:32:00,setl_uPHQccb6jE2RlU,JFKO1MH1BTOHNZ7F,2026-07-21T17:00:00
recon:761,pay_g0JwRsxF11cuBX,payment,,,order_001153,NETBANKING,2101182,22212,3998,2074972,2026-08-13T13:48:00,setl_eo7IJxd4ns4lm1,VXEB1PMT3SLQ0NGB,2026-08-17T17:00:00
recon:762,pay_g0jJo2Yo49pD5j,payment,,,order_000951,CARD,1866291,37326,6719,1822246,2026-08-08T18:03:00,setl_K4r4AqbHWR1QSJ,HBSK160I4N87RGPK,2026-08-11T17:00:00
recon:763,pay_g3OkfsfyhrevbL,payment,,,order_000554,UPI,2086289,0,0,2086289,2026-08-10T14:22:00,setl_g9a5WKCidSlh3E,7548534651v4iicp,2026-08-12T17:00:00
recon:764,pay_g697zXBmzveuvM,payment,,,order_000629,CARD,95758,1915,345,93498,2026-08-05T20:58:00,setl_ApwuSoEmcLVyrK,FOOC1HWIYOUNDX3A,2026-08-07T17:00:00
recon:765,pay_g8WnOnqQfkplJe,payment,,,order_000046,CARD,2305695,46114,8301,2251280,2026-07-29T15:22:00,setl_JFwZldEZaZibqk,FVAC15GIFJTEMP1Z,2026-07-31T17:00:00
recon:766,pay_gCY5IPxdYOV9Mb,payment,,,order_001004,NETBANKING,2272319,23923,4306,2244090,2026-08-09T11:37:00,setl_K4r4AqbHWR1QSJ,HBSK160I4N87RGPK,2026-08-11T17:00:00
recon:767,pay_gFT6Ce5fuMjeir,payment,,,order_000070,CARD,466547,9331,1680,455536,2026-08-05T11:34:00,setl_ApwuSoEmcLVyrK,FOOC1HWIYOUNDX3A,2026-08-07T17:00:00
recon:768,pay_gJTzxxb8PFHq9y,payment,,,order_001058,UPI,2208781,0,0,2208781,2026-08-01T16:31:00,setl_Awp1O7n8ORK56S,31916543016vlohj,2026-08-04T17:00:00
recon:769,pay_gOw35akAEvvP5g,payment,,,order_000754,CARD,273250,5465,984,266801,2026-08-03T17:15:00,setl_ckhLew1bXwFZyr,974700026871,2026-08-05T17:00:00
recon:770,pay_gQBwBAD3UdRPPg,payment,,,order_000012,CARD,105095,2102,378,102615,2026-07-31T15:58:00,setl_Awp1O7n8ORK56S,31916543016vlohj,2026-08-04T17:00:00
recon:771,pay_gTIY72Kkq9gMuO,payment,,,,UPI,635196,0,0,635196,2026-07-18T15:21:00,setl_uPHQccb6jE2RlU,JFKO1MH1BTOHNZ7F,2026-07-21T17:00:00
recon:772,pay_gTZiGhOKYz1WO6,payment,,,order_000642,UPI,490430,0,0,490430,2026-07-28T13:48:00,setl_YEcxuqKeZl7OQe,NXIC1EVV1RBFYNU2,2026-07-30T17:00:00
recon:773,pay_gV73nmWKVVt1SR,payment,,,order_000894,UPI,388045,0,0,388045,2026-08-09T17:46:00,setl_K4r4AqbHWR1QSJ,HBSK160I4N87RGPK,2026-08-11T17:00:00
recon:774,pay_gWhz044m8fJ2Fm,payment,,,order_000852,UPI,822683,0,0,822683,2026-07-28T13:45:00,setl_YEcxuqKeZl7OQe,NXIC1EVV1RBFYNU2,2026-07-30T17:00:00
recon:775,pay_gXOMEoQCt0hIVN,payment,,,order_000823,CARD,255599,5112,920,249567,2026-07-24T14:20:00,setl_l04NvnxPd5yp15,7311804671rgpa5u,2026-07-28T17:00:00
recon:776,pay_gaMTeLY1m5KiOG,payment,,,order_000512,CARD,107066,2141,385,104540,2026-08-05T11:18:00,setl_lxwhkHkDARnBtp,594898959651,2026-08-07T17:00:00
recon:777,pay_gaw4UlzwagBFmf,payment,,,order_000587,CARD,236197,4724,850,230623,2026-07-17T17:52:00,setl_uPHQccb6jE2RlU,JFKO1MH1BTOHNZ7F,2026-07-21T17:00:00
recon:778,pay_gfx62G09qIZHOy,payment,,,order_001126,UPI,1264659,0,0,1264659,2026-07-28T09:09:00,setl_YEcxuqKeZl7OQe,NXIC1EVV1RBFYNU2,2026-07-30T17:00:00
recon:779,pay_gjWYslgfsbYJRz,payment,,,,NETBANKING,1513910,16339,2941,1494630,2026-07-21T17:18:00,setl_jOSX0CoSNm5HMM,JLPW1OWOIO11F6WC,2026-07-23T17:00:00
recon:780,pay_gkrhSjFj3nH8Ob,payment,,,order_000400,UPI,2289110,0,0,2289110,2026-07-18T13:21:00,setl_uPHQccb6jE2RlU,JFKO1MH1BTOHNZ7F,2026-07-21T17:00:00
recon:781,pay_gqXvu4hlKnLZfo,payment,,,order_000977,CARD,341602,6832,1230,333540,2026-07-20T18:59:00,setl_Fk6cmhmyNwwTjH,2092973521xwnpjk,2026-07-22T17:00:00
recon:782,pay_grfCrAH2gYo1uN,payment,,,order_001117,UPI,769867,0,0,769867,2026-08-14T11:37:00,setl_toQCTLAGVSRZQz,8008529461djf52s,2026-08-18T17:00:00
recon:783,pay_gs8XYfcXwlDyNH,payment,,,order_001062,UPI,1043418,0,0,1043418,2026-08-04T14:27:00,setl_zttIQWBFztKCLC,163656045001,2026-08-06T17:00:00
recon:784,pay_gsbXG4tKNY2m9l,payment,,,order_001030,CARD,286197,5724,1030,279443,2026-08-03T16:09:00,setl_ckhLew1bXwFZyr,974700026871,2026-08-05T17:00:00
recon:785,pay_gvXAhJi1MH7apS,payment,,,order_001019,UPI,17147,0,0,17147,2026-07-21T14:54:00,setl_jOSX0CoSNm5HMM,JLPW1OWOIO11F6WC,2026-07-23T17:00:00
recon:786,pay_gw2JxhWrKoZB2J,payment,,,order_000074,UPI,139960,0,0,139960,2026-07-19T20:44:00,setl_uPHQccb6jE2RlU,JFKO1MH1BTOHNZ7F,2026-07-21T17:00:00
recon:787,pay_gzCHQRfhjzzSLg,payment,,,,UPI,615669,0,0,615669,2026-07-31T18:01:00,setl_Awp1O7n8ORK56S,31916543016vlohj,2026-08-04T17:00:00
recon:788,pay_h4sjsrlBXaEYWH,payment,,,order_000986,CARD,118253,2365,426,115462,2026-07-17T11:45:00,setl_uPHQccb6jE2RlU,JFKO1MH1BTOHNZ7F,2026-07-21T17:00:00
recon:789,pay_h7PQ8QJULt7Tn5,payment,,,order_000959,UPI,485948,0,0,485948,2026-07-26T14:47:00,setl_l04NvnxPd5yp15,7311804671rgpa5u,2026-07-28T17:00:00
recon:790,pay_h84KpLMcNfAQLK,payment,,,order_000016,UPI,152472,0,0,152472,2026-07-21T11:46:00,setl_jOSX0CoSNm5HMM,JLPW1OWOIO11F6WC,2026-07-23T17:00:00
recon:791,pay_hDew13k9n3UK57,payment,,,order_001081,CARD,833326,16667,3000,813659,2026-07-28T10:59:00,setl_YEcxuqKeZl7OQe,NXIC1EVV1RBFYNU2,2026-07-30T17:00:00
recon:792,pay_hDiZDQHJMu8W5C,payment,,,order_000030,UPI,2106751,0,0,2106751,2026-07-21T20:35:00,setl_jOSX0CoSNm5HMM,JLPW1OWOIO11F6WC,2026-07-23T17:00:00
recon:793,pay_hHQrLHat4Ziu6p,payment,,,order_000918,UPI,1558386,0,0,1558386,2026-08-08T18:27:00,setl_K4r4AqbHWR1QSJ,HBSK160I4N87RGPK,2026-08-11T17:00:00
recon:794,pay_hJ5BPwlb3x2DXQ,payment,,,order_000743,CARD,170982,3420,616,166946,2026-07-29T19:18:00,setl_JFwZldEZaZibqk,FVAC15GIFJTEMP1Z,2026-07-31T17:00:00
recon:795,pay_hJqESjnSROatAQ,payment,,,order_000229,NETBANKING,505576,6256,1126,498194,2026-08-11T11:18:00,setl_actrKB2ty7ejUN,BAEX1WGIHN3VZW7Z,2026-08-13T17:00:00
recon:796,pay_hPmwFDK6O6a1V2,payment,,,order_000787,UPI,1334768,0,0,1334768,2026-07-22T15:32:00,setl_gwP280Jo59JRJO,176484673571,2026-07-24T17:00:00
recon:797,pay_hcL964P0mmTC7g,payment,,,order_000597,UPI,1385318,0,0,1385318,2026-07-22T17:26:00,setl_Ezf6dJDcGlyMFY,823601071261,2026-07-24T17:00:00
recon:798,pay_hdFtaBwQ1adqiw,payment,,,order_000672,UPI,1708283,0,0,1708283,2026-07-25T12:52:00,setl_l04NvnxPd5yp15,7311804671rgpa5u,2026-07-28T17:00:00
recon:799,pay_hfhFPQ6GobLKKE,payment,,,order_000571,CARD,15334,307,55,14972,2026-07-28T16:52:00,setl_YEcxuqKeZl7OQe,NXIC1EVV1RBFYNU2,2026-07-30T17:00:00
recon:800,pay_hhk5YFelIuk8Vq,payment,,,,CARD,27359,547,98,26714,2026-07-17T19:13:00,setl_uPHQccb6jE2RlU,JFKO1MH1BTOHNZ7F,2026-07-21T17:00:00
recon:801,pay_hiSUd82kgA6LEZ,payment,,,order_000234,UPI,1593136,0,0,1593136,2026-07-28T18:45:00,setl_YEcxuqKeZl7OQe,NXIC1EVV1RBFYNU2,2026-07-30T17:00:00
recon:802,pay_hmscizAVv5ckQm,payment,,,,UPI,1264935,0,0,1264935,2026-08-08T17:52:00,setl_K4r4AqbHWR1QSJ,HBSK160I4N87RGPK,2026-08-11T17:00:00
recon:803,pay_hpAjZrGouxQdxt,payment,,,order_001007,CARD,369543,7391,1330,360822,2026-07-27T20:39:00,setl_o2J8tXhPJuja4Q,YMFM1D6SZO4XYEUR,2026-07-29T17:00:00
recon:804,pay_hr2TKEO1nFsT9y,payment,,,order_000565,UPI,2452197,0,0,2452197,2026-08-08T13:07:00,setl_K4r4AqbHWR1QSJ,HBSK160I4N87RGPK,2026-08-11T17:00:00
recon:805,pay_hrduDJAeEbAOo6,payment,,,order_000496,CARD,383432,7669,1380,374383,2026-08-09T13:41:00,setl_K4r4AqbHWR1QSJ,HBSK160I4N87RGPK,2026-08-11T17:00:00
recon:806,pay_hv505vLMNgUceV,payment,,,,NETBANKING,1274697,13947,2510,1258240,2026-07-27T13:21:00,setl_o2J8tXhPJuja4Q,YMFM1D6SZO4XYEUR,2026-07-29T17:00:00
recon:807,pay_i5YtkYqoExsX2d,payment,,,order_000402,CARD,244778,4896,881,239001,2026-07-31T19:07:00,setl_Awp1O7n8ORK56S,31916543016vlohj,2026-08-04T17:00:00
recon:808,pay_i72a4ccjZtxOoL,payment,,,order_001066,NETBANKING,289393,4094,737,284562,2026-08-14T11:06:00,setl_toQCTLAGVSRZQz,8008529461djf52s,2026-08-18T17:00:00
recon:809,pay_i7bEwtSxi0C4MH,payment,,,order_000416,CARD,48765,975,176,47614,2026-08-09T11:55:00,setl_K4r4AqbHWR1QSJ,HBSK160I4N87RGPK,2026-08-11T17:00:00
recon:810,pay_i8mj7TCsXINWVU,payment,,,,UPI,29620,0,0,29620,2026-08-08T14:51:00,setl_K4r4AqbHWR1QSJ,HBSK160I4N87RGPK,2026-08-11T17:00:00
recon:811,pay_iAey87I77YXxaE,payment,,,order_001156,UPI,158578,0,0,158578,2026-07-21T15:07:00,setl_jOSX0CoSNm5HMM,JLPW1OWOIO11F6WC,2026-07-23T17:00:00
recon:812,pay_iCxG2N8uxfRAGC,payment,,,,UPI,2105247,0,0,2105247,2026-07-27T17:11:00,setl_o2J8tXhPJuja4Q,YMFM1D6SZO4XYEUR,2026-07-29T17:00:00
recon:813,pay_iEWK5C0ktvEjpd,payment,,,order_000608,UPI,32939,0,0,32939,2026-07-19T18:57:00,setl_uPHQccb6jE2RlU,JFKO1MH1BTOHNZ7F,2026-07-21T17:00:00
recon:814,pay_iEeoyfUZggux4t,payment,,,order_000175,UPI,458197,0,0,458197,2026-08-07T18:12:00,setl_K4r4AqbHWR1QSJ,HBSK160I4N87RGPK,2026-08-11T17:00:00
recon:815,pay_iFe7eijgHk8Tpf,payment,,,order_000889,CARD,1293474,25869,4656,1262949,2026-08-09T11:29:00,setl_K4r4AqbHWR1QSJ,HBSK160I4N87RGPK,2026-08-11T17:00:00
recon:816,pay_iGfAv4dAqzmaR0,payment,,,order_001186,UPI,1514672,0,0,1514672,2026-07-23T17:50:00,setl_Wqijn9nSjj8k6T,1944258921llwzdy,2026-07-27T17:00:00
recon:817,pay_iGso06UKuKMXR0,payment,,,order_000136,UPI,1511652,0,0,1511652,2026-07-30T13:53:00,setl_DIKPDzcK9HEnek,PHCZ1LI2YB3V7848,2026-08-03T17:00:00
recon:818,pay_iL3RXb7GCeGlDr,payment,,,order_000912,CARD,15263,305,55,14903,2026-08-12T17:54:00,setl_mvLvOR1E9aJ8BZ,STGC1QX9TMQUZYOF,2026-08-14T17:00:00
recon:819,pay_iL8J86HpijbZRW,payment,,,order_001078,CARD,1675742,33515,6033,1636194,2026-07-31T10:49:00,setl_Awp1O7n8ORK56S,31916543016vlohj,2026-08-04T17:00:00
recon:820,pay_iS3ipjTu1pW1Rz,payment,,,order_000170,UPI,1883152,0,0,1883152,2026-07-20T18:27:00,setl_Fk6cmhmyNwwTjH,2092973521xwnpjk,2026-07-22T17:00:00
recon:821,pay_iTEmj6maa3GUUx,payment,,,order_000547,CARD,27860,557,100,27203,2026-07-30T17:22:00,setl_DIKPDzcK9HEnek,PHCZ1LI2YB3V7848,2026-08-03T17:00:00
recon:822,pay_iUlUXL607Gfj5a,payment,,,order_000715,CARD,580660,11613,2090,566957,2026-08-05T18:23:00,setl_lxwhkHkDARnBtp,594898959651,2026-08-07T17:00:00
recon:823,pay_ibnDdGD05I2kgf,payment,,,order_001103,CARD,2284964,45699,8226,2231039,2026-08-11T16:47:00,setl_actrKB2ty7ejUN,BAEX1WGIHN3VZW7Z,2026-08-13T17:00:00
recon:824,pay_ig6YGTEIugZ0Mo,payment,,,order_000837,NETBANKING,735004,8550,1539,724915,2026-07-18T14:25:00,setl_uPHQccb6jE2RlU,JFKO1MH1BTOHNZ7F,2026-07-21T17:00:00
recon:825,pay_igY2ONyXkb4Ffa,payment,,,order_000386,CARD,856688,17134,3084,836470,2026-07-27T21:09:00,setl_o2J8tXhPJuja4Q,YMFM1D6SZO4XYEUR,2026-07-29T17:00:00
recon:826,pay_igbmH36GRA0jMg,payment,,,order_000273,CARD,370463,7409,1334,361720,2026-08-14T20:30:00,setl_toQCTLAGVSRZQz,8008529461djf52s,2026-08-18T17:00:00
recon:827,pay_imAJTq54W226Jw,payment,,,order_000598,UPI,73683,0,0,73683,2026-07-25T18:44:00,setl_l04NvnxPd5yp15,7311804671rgpa5u,2026-07-28T17:00:00
recon:828,pay_in2bq8e4VXjbjE,payment,,,order_001089,UPI,1460067,0,0,1460067,2026-08-02T16:24:00,setl_Awp1O7n8ORK56S,31916543016vlohj,2026-08-04T17:00:00
recon:829,pay_iqlRL0uZsmfAxl,payment,,,,UPI,1911085,0,0,1911085,2026-08-06T17:28:00,setl_7sAQBptvWq3587,HJWI1ETHZPPQR2SO,2026-08-10T17:00:00
recon:830,pay_irUQh9wZfVYoUe,payment,,,order_000720,CARD,33750,675,122,32953,2026-07-19T12:39:00,setl_uPHQccb6jE2RlU,JFKO1MH1BTOHNZ7F,2026-07-21T17:00:00
recon:831,pay_itLBG9PWwtL4IX,payment,,,order_000513,UPI,19826,0,0,19826,2026-08-04T18:13:00,setl_zttIQWBFztKCLC,163656045001,2026-08-06T17:00:00
recon:832,pay_iu19YnWcLlvehr,payment,,,order_000385,UPI,839368,0,0,839368,2026-08-08T17:08:00,setl_K4r4AqbHWR1QSJ,HBSK160I4N87RGPK,2026-08-11T17:00:00
recon:833,pay_iuWWX4zGU7V10y,payment,,,order_000590,CARD,1169940,23399,4212,1142329,2026-07-19T16:00:00,setl_uPHQccb6jE2RlU,JFKO1MH1BTOHNZ7F,2026-07-21T17:00:00
recon:834,pay_iy31KAxIRlWE9X,payment,,,order_000179,UPI,2182453,0,0,2182453,2026-08-04T13:05:00,setl_zttIQWBFztKCLC,163656045001,2026-08-06T17:00:00
recon:835,pay_j2gsykKz2eoy3D,payment,,,order_000628,UPI,796525,0,0,796525,2026-07-17T11:18:00,setl_uPHQccb6jE2RlU,JFKO1MH1BTOHNZ7F,2026-07-21T17:00:00
recon:836,pay_j2plKaiHjiSEWc,payment,,,order_000809,NETBANKING,274692,3947,710,270035,2026-07-31T12:44:00,setl_Awp1O7n8ORK56S,31916543016vlohj,2026-08-04T17:00:00
recon:837,pay_j3H4KY2TGciFYf,payment,,,,UPI,109566,0,0,109566,2026-07-31T13:40:00,setl_Awp1O7n8ORK56S,31916543016vlohj,2026-08-04T17:00:00
recon:838,pay_j3zooUVnEoHLYJ,payment,,,order_000525,CARD,1454722,29094,5237,1420391,2026-08-09T12:36:00,setl_K4r4AqbHWR1QSJ,HBSK160I4N87RGPK,2026-08-11T17:00:00
recon:839,pay_j45hfyzCoYiN7a,payment,,,order_001176,UPI,161707,0,0,161707,2026-08-02T20:53:00,setl_Awp1O7n8ORK56S,31916543016vlohj,2026-08-04T17:00:00
recon:840,pay_jBQrfYJyKywAOe,payment,,,order_001034,CARD,751754,15035,2706,734013,2026-08-12T12:22:00,setl_mvLvOR1E9aJ8BZ,STGC1QX9TMQUZYOF,2026-08-14T17:00:00
recon:841,pay_jG6LE5lZGrv94t,payment,,,order_001182,CARD,935599,18712,3368,913519,2026-08-07T14:54:00,setl_K4r4AqbHWR1QSJ,HBSK160I4N87RGPK,2026-08-11T17:00:00
recon:842,pay_jGyAMiKyBlFOIS,payment,,,,UPI,361303,0,0,361303,2026-07-26T14:15:00,setl_l04NvnxPd5yp15,7311804671rgpa5u,2026-07-28T17:00:00
recon:843,pay_jIXBnNPg6CTqgc,payment,,,order_000376,UPI,616669,0,0,616669,2026-08-14T15:07:00,setl_toQCTLAGVSRZQz,8008529461djf52s,2026-08-18T17:00:00
recon:844,pay_jKFO4Xm5l4Dakh,payment,,,order_000713,UPI,455491,0,0,455491,2026-07-25T17:37:00,setl_l04NvnxPd5yp15,7311804671rgpa5u,2026-07-28T17:00:00
recon:845,pay_jLV72cV5ZyOdYm,payment,,,order_000815,UPI,364025,0,0,364025,2026-08-13T13:53:00,setl_eo7IJxd4ns4lm1,VXEB1PMT3SLQ0NGB,2026-08-17T17:00:00
recon:846,pay_jOkYRBMeyyMDHq,payment,,,,UPI,1857623,0,0,1857623,2026-07-20T21:13:00,setl_Fk6cmhmyNwwTjH,2092973521xwnpjk,2026-07-22T17:00:00
recon:847,pay_jOnuKcMXyd7ZxY,payment,,,order_000630,UPI,2250794,0,0,2250794,2026-07-19T15:32:00,setl_uPHQccb6jE2RlU,JFKO1MH1BTOHNZ7F,2026-07-21T17:00:00
recon:848,pay_jSotinifBSWYhe,payment,,,order_000417,UPI,1839318,0,0,1839318,2026-07-25T11:52:00,setl_l04NvnxPd5yp15,7311804671rgpa5u,2026-07-28T17:00:00
recon:849,pay_jTrfc6o52HAS5x,payment,,,order_000188,CARD,2365490,47310,8516,2309664,2026-08-01T15:39:00,setl_Awp1O7n8ORK56S,31916543016vlohj,2026-08-04T17:00:00
recon:850,pay_jasp9b2NE1CAJJ,payment,,,order_000835,UPI,1651554,0,0,1651554,2026-07-23T13:47:00,setl_Wqijn9nSjj8k6T,1944258921llwzdy,2026-07-27T17:00:00
recon:851,pay_jbqJ7LLUAsjmvo,payment,,,order_000142,UPI,136671,0,0,136671,2026-07-27T18:01:00,setl_o2J8tXhPJuja4Q,YMFM1D6SZO4XYEUR,2026-07-29T17:00:00
recon:852,pay_jdkq7lH9zMKOb4,payment,,,order_000271,CARD,1986898,39738,7153,1940007,2026-08-03T13:59:00,setl_ckhLew1bXwFZyr,974700026871,2026-08-05T17:00:00
recon:853,pay_jdpG01J2dBwmmO,payment,,,order_000514,UPI,1089858,0,0,1089858,2026-07-26T16:46:00,setl_l04NvnxPd5yp15,7311804671rgpa5u,2026-07-28T17:00:00
recon:854,pay_jdxaBfs0QOMEmg,payment,,,order_000206,UPI,1767808,0,0,1767808,2026-07-23T10:48:00,setl_Wqijn9nSjj8k6T,1944258921llwzdy,2026-07-27T17:00:00
recon:855,pay_jjYLAd75t4snl0,payment,,,order_000489,UPI,16945,0,0,16945,2026-07-27T13:25:00,setl_o2J8tXhPJuja4Q,YMFM1D6SZO4XYEUR,2026-07-29T17:00:00
recon:856,pay_jkQNU5Mv17Kc03,payment,,,,CARD,2218259,44365,7986,2165908,2026-08-02T10:45:00,setl_Awp1O7n8ORK56S,31916543016vlohj,2026-08-04T17:00:00
recon:857,pay_jlXTdAttUX9CsO,payment,,,order_000338,CARD,80316,1606,289,78421,2026-08-14T18:28:00,setl_toQCTLAGVSRZQz,8008529461djf52s,2026-08-18T17:00:00
recon:858,pay_jpgjqmlMjWWPel,payment,,,order_000082,NETBANKING,1050242,11702,2106,1036434,2026-07-22T17:04:00,setl_gwP280Jo59JRJO,176484673571,2026-07-24T17:00:00
recon:859,pay_jrVn7VzStak0Fa,payment,,,order_000552,CARD,309736,6195,1115,302426,2026-07-18T14:00:00,setl_uPHQccb6jE2RlU,JFKO1MH1BTOHNZ7F,2026-07-21T17:00:00
recon:860,pay_jsBaNwpKAlQQfH,payment,,,,CARD,160457,3209,578,156670,2026-07-31T17:20:00,setl_Awp1O7n8ORK56S,31916543016vlohj,2026-08-04T17:00:00
recon:861,pay_ju3TlXfFvOluOd,payment,,,order_000224,CARD,2434089,48682,8763,2376644,2026-07-22T15:38:00,setl_gwP280Jo59JRJO,176484673571,2026-07-24T17:00:00
recon:862,pay_jv38q6lwDm5Pdz,payment,,,order_000854,UPI,15501,0,0,15501,2026-07-22T14:02:00,setl_Ezf6dJDcGlyMFY,823601071261,2026-07-24T17:00:00
recon:863,pay_k1bMglshIVzkeQ,payment,,,order_000536,CARD,1774945,35499,6390,1733056,2026-08-07T19:03:00,setl_K4r4AqbHWR1QSJ,HBSK160I4N87RGPK,2026-08-11T17:00:00
recon:864,pay_k2ZKi0Yn0Szf0A,payment,,,order_000904,UPI,1735230,0,0,1735230,2026-08-01T13:48:00,setl_Awp1O7n8ORK56S,31916543016vlohj,2026-08-04T17:00:00
recon:865,pay_k5gFmMjN6v8D7Q,payment,,,order_000844,UPI,880340,0,0,880340,2026-08-14T14:47:00,setl_toQCTLAGVSRZQz,8008529461djf52s,2026-08-18T17:00:00
recon:866,pay_k7t4M9S8Hm8KWi,payment,,,order_000757,UPI,81857,0,0,81857,2026-07-29T15:03:00,setl_JFwZldEZaZibqk,FVAC15GIFJTEMP1Z,2026-07-31T17:00:00
recon:867,pay_k8Jx68hM2AhhxK,payment,,,order_000488,UPI,17642,0,0,17642,2026-08-01T12:59:00,setl_Awp1O7n8ORK56S,31916543016vlohj,2026-08-04T17:00:00
recon:868,pay_kGyW4PWGxFHDlu,payment,,,order_000521,CARD,954542,19091,3436,932015,2026-08-08T13:06:00,setl_K4r4AqbHWR1QSJ,HBSK160I4N87RGPK,2026-08-11T17:00:00
recon:869,pay_kMNdCUU9fBB3Lb,payment,,,order_001090,UPI,206955,0,0,206955,2026-08-04T12:05:00,setl_zttIQWBFztKCLC,163656045001,2026-08-06T17:00:00
recon:870,pay_kTSgyJHcTdWXv6,payment,,,order_001181,NETBANKING,2366712,24867,4476,2337369,2026-08-08T16:54:00,setl_K4r4AqbHWR1QSJ,HBSK160I4N87RGPK,2026-08-11T17:00:00
recon:871,pay_kXEzHTfQDlYl5w,payment,,,order_001071,CARD,16458,329,59,16070,2026-07-21T14:09:00,setl_jOSX0CoSNm5HMM,JLPW1OWOIO11F6WC,2026-07-23T17:00:00
recon:872,pay_kXerXdyyvdq90q,payment,,,order_000375,NETBANKING,274906,3949,711,270246,2026-08-09T16:03:00,setl_K4r4AqbHWR1QSJ,HBSK160I4N87RGPK,2026-08-11T17:00:00
recon:873,pay_kYbFGhe5pUCLLu,payment,,,order_000390,NETBANKING,732559,8526,1535,722498,2026-07-30T12:19:00,setl_DIKPDzcK9HEnek,PHCZ1LI2YB3V7848,2026-08-03T17:00:00
recon:874,pay_kYrLhzYpacLYSE,payment,,,order_000305,UPI,276692,0,0,276692,2026-08-06T12:48:00,setl_7sAQBptvWq3587,HJWI1ETHZPPQR2SO,2026-08-10T17:00:00
recon:875,pay_kbVgOKbQrml0ko,payment,,,order_000995,UPI,783995,0,0,783995,2026-07-29T18:08:00,setl_JFwZldEZaZibqk,FVAC15GIFJTEMP1Z,2026-07-31T17:00:00
recon:876,pay_kbb4YILqp1XtUB,payment,,,order_000483,UPI,1439201,0,0,1439201,2026-07-18T18:05:00,setl_uPHQccb6jE2RlU,JFKO1MH1BTOHNZ7F,2026-07-21T17:00:00
recon:877,pay_kdn0qE1OgCVvqx,payment,,,,CARD,39343,787,142,38414,2026-07-24T20:18:00,setl_l04NvnxPd5yp15,7311804671rgpa5u,2026-07-28T17:00:00
recon:878,pay_kfJq2WcfhGtx9I,payment,,,order_000574,UPI,120688,0,0,120688,2026-07-30T16:57:00,setl_DIKPDzcK9HEnek,PHCZ1LI2YB3V7848,2026-08-03T17:00:00
recon:879,pay_khog99sweNvhx7,payment,,,order_000610,NETBANKING,46399,1664,300,44435,2026-08-06T16:06:00,setl_7sAQBptvWq3587,HJWI1ETHZPPQR2SO,2026-08-10T17:00:00
recon:880,pay_kmw8AEEISYk9SB,payment,,,order_000632,UPI,1424676,0,0,1424676,2026-08-11T12:04:00,setl_actrKB2ty7ejUN,BAEX1WGIHN3VZW7Z,2026-08-13T17:00:00
recon:881,pay_ko1AMjYL0XlNQG,payment,,,order_000272,CARD,1884250,37685,6783,1839782,2026-07-18T15:35:00,setl_uPHQccb6jE2RlU,JFKO1MH1BTOHNZ7F,2026-07-21T17:00:00
recon:882,pay_kpbZ9mMTeeXgr0,payment,,,order_000937,CARD,460193,9204,1657,449332,2026-08-12T13:36:00,setl_mvLvOR1E9aJ8BZ,STGC1QX9TMQUZYOF,2026-08-14T17:00:00
recon:883,pay_kstboOXSpcrVh0,payment,,,order_000729,CARD,599292,11986,2157,585149,2026-07-16T19:55:00,setl_4V0jo5CDCiKBzR,GGOA1HRDCWJ28EBX,2026-07-20T17:00:00
recon:884,pay_ku8WylwZVR9YIJ,payment,,,order_000580,UPI,2012537,0,0,2012537,2026-08-03T17:14:00,setl_ckhLew1bXwFZyr,974700026871,2026-08-05T17:00:00
recon:885,pay_ku9HEPMYAXUro7,payment,,,order_000795,UPI,940042,0,0,940042,2026-07-22T19:31:00,setl_Ezf6dJDcGlyMFY,823601071261,2026-07-24T17:00:00
recon:886,pay_kuPxS9pYK25Inu,payment,,,order_001075,CARD,153938,3079,554,150305,2026-07-18T14:35:00,setl_uPHQccb6jE2RlU,JFKO1MH1BTOHNZ7F,2026-07-21T17:00:00
recon:887,pay_l1ysJFc00t1LtF,payment,,,order_000410,CARD,61591,1232,222,60137,2026-08-02T18:45:00,setl_Awp1O7n8ORK56S,31916543016vlohj,2026-08-04T17:00:00
recon:888,pay_l4NoTsmahbDOYh,payment,,,order_000344,NETBANKING,617763,7378,1328,609057,2026-07-20T17:28:00,setl_Fk6cmhmyNwwTjH,2092973521xwnpjk,2026-07-22T17:00:00
recon:889,pay_l4bOTH3lKFnQ90,payment,,,order_000436,CARD,1463367,29267,5268,1428832,2026-07-28T15:40:00,setl_YEcxuqKeZl7OQe,NXIC1EVV1RBFYNU2,2026-07-30T17:00:00
recon:890,pay_l5Cs2kcsMvBhRj,payment,,,order_000913,CARD,678535,13571,2443,662521,2026-08-02T09:37:00,setl_Awp1O7n8ORK56S,31916543016vlohj,2026-08-04T17:00:00
recon:891,pay_l5TCfZR92uQwTe,payment,,,order_000104,UPI,28627,0,0,28627,2026-07-25T17:28:00,setl_l04NvnxPd5yp15,7311804671rgpa5u,2026-07-28T17:00:00
recon:892,pay_l9WZCB94ESQEtz,payment,,,order_001125,UPI,72531,0,0,72531,2026-07-29T13:16:00,setl_JFwZldEZaZibqk,FVAC15GIFJTEMP1Z,2026-07-31T17:00:00
recon:893,pay_l9lVGhycBrJqik,payment,,,order_000250,CARD,1173067,23461,4223,1145383,2026-08-08T13:25:00,setl_K4r4AqbHWR1QSJ,HBSK160I4N87RGPK,2026-08-11T17:00:00
recon:894,pay_lF05SSK06gMPtc,payment,,,order_000316,UPI,1577312,0,0,1577312,2026-07-28T15:15:00,setl_YEcxuqKeZl7OQe,NXIC1EVV1RBFYNU2,2026-07-30T17:00:00
recon:895,pay_lGj00CbNc7I49Y,payment,,,,CARD,1937949,38759,6977,1892213,2026-07-27T15:25:00,setl_o2J8tXhPJuja4Q,YMFM1D6SZO4XYEUR,2026-07-29T17:00:00
recon:896,pay_lH3G7dTKJ7nkjh,payment,,,order_001140,UPI,812720,0,0,812720,2026-07-16T16:29:00,setl_4V0jo5CDCiKBzR,GGOA1HRDCWJ28EBX,2026-07-20T17:00:00
recon:897,pay_lKBR4uZLiRXmqi,payment,,,order_000674,UPI,900791,0,0,900791,2026-08-13T11:50:00,setl_eo7IJxd4ns4lm1,VXEB1PMT3SLQ0NGB,2026-08-17T17:00:00
recon:898,pay_lPjwPUKvDT2Yir,payment,,,order_000683,NETBANKING,669090,7891,1420,659779,2026-07-22T17:47:00,setl_gwP280Jo59JRJO,176484673571,2026-07-24T17:00:00
recon:899,pay_lTXDqEqW4CP7i8,payment,,,order_000626,CARD,34785,696,125,33964,2026-07-21T12:44:00,setl_jOSX0CoSNm5HMM,JLPW1OWOIO11F6WC,2026-07-23T17:00:00
recon:900,pay_lea1kOf4F50LI0,payment,,,order_001044,CARD,87085,1742,314,85029,2026-07-20T19:29:00,setl_Fk6cmhmyNwwTjH,2092973521xwnpjk,2026-07-22T17:00:00
recon:901,pay_lfjerzft3TC3AH,payment,,,order_000631,NETBANKING,172896,2929,527,169440,2026-07-22T13:38:00,setl_Ezf6dJDcGlyMFY,823601071261,2026-07-24T17:00:00
recon:902,pay_lgUtUWBqSZrLmO,payment,,,,CARD,589978,11800,2124,576054,2026-08-09T21:03:00,setl_K4r4AqbHWR1QSJ,HBSK160I4N87RGPK,2026-08-11T17:00:00
recon:903,pay_ll7H9jVZZQlx47,payment,,,order_000810,CARD,76629,1533,276,74820,2026-08-08T14:06:00,setl_K4r4AqbHWR1QSJ,HBSK160I4N87RGPK,2026-08-11T17:00:00
recon:904,pay_lmv1v7RE6EZcPi,payment,,,order_000346,CARD,17106,342,62,16702,2026-07-26T18:28:00,setl_l04NvnxPd5yp15,7311804671rgpa5u,2026-07-28T17:00:00
recon:905,pay_lscuwMP4psiMzE,payment,,,order_000697,UPI,54901,0,0,54901,2026-08-08T15:42:00,setl_K4r4AqbHWR1QSJ,HBSK160I4N87RGPK,2026-08-11T17:00:00
recon:906,pay_mOL6Wxcbmmslo4,payment,,,order_000517,CARD,224819,4496,809,219514,2026-07-18T14:47:00,setl_uPHQccb6jE2RlU,JFKO1MH1BTOHNZ7F,2026-07-21T17:00:00
recon:907,pay_mObNoiNNGfMKUA,payment,,,order_000777,CARD,449749,8995,1619,439135,2026-07-19T17:02:00,setl_uPHQccb6jE2RlU,JFKO1MH1BTOHNZ7F,2026-07-21T17:00:00
recon:908,pay_mRK9ax0xbt5tG0,payment,,,order_000635,UPI,124341,0,0,124341,2026-08-09T14:39:00,setl_K4r4AqbHWR1QSJ,HBSK160I4N87RGPK,2026-08-11T17:00:00
recon:909,pay_mShSWeml2uWokz,payment,,,order_000874,UPI,744999,0,0,744999,2026-07-18T13:45:00,setl_uPHQccb6jE2RlU,JFKO1MH1BTOHNZ7F,2026-07-21T17:00:00
recon:910,pay_mejeBpD6PzgUHi,payment,,,order_000606,UPI,1189095,0,0,1189095,2026-07-25T15:24:00,setl_l04NvnxPd5yp15,7311804671rgpa5u,2026-07-28T17:00:00
recon:911,pay_mpLfORmFnizPuo,payment,,,order_001017,UPI,928956,0,0,928956,2026-08-01T18:32:00,setl_Awp1O7n8ORK56S,31916543016vlohj,2026-08-04T17:00:00
recon:912,pay_mqcTBaH7ZIRU8V,payment,,,order_000025,CARD,2025635,40513,7292,1977830,2026-07-26T16:30:00,setl_l04NvnxPd5yp15,7311804671rgpa5u,2026-07-28T17:00:00
recon:913,pay_msKYtVNpDxLFXX,payment,,,order_000186,UPI,15157,0,0,15157,2026-08-09T17:12:00,setl_K4r4AqbHWR1QSJ,HBSK160I4N87RGPK,2026-08-11T17:00:00
recon:914,pay_mvmRvqtV0XR2rm,payment,,,,UPI,18641,0,0,18641,2026-08-14T12:43:00,setl_toQCTLAGVSRZQz,8008529461djf52s,2026-08-18T17:00:00
recon:915,pay_nEUA5avlpc6quJ,payment,,,order_001114,UPI,43963,0,0,43963,2026-08-05T13:36:00,setl_lxwhkHkDARnBtp,594898959651,2026-08-07T17:00:00
recon:916,pay_nKDDpRMCpYlDGP,payment,,,order_000779,UPI,2003082,0,0,2003082,2026-08-14T14:56:00,setl_toQCTLAGVSRZQz,8008529461djf52s,2026-08-18T17:00:00
recon:917,pay_nKONac7yn5Sh7s,payment,,,order_000849,UPI,118018,0,0,118018,2026-07-21T13:48:00,setl_jOSX0CoSNm5HMM,JLPW1OWOIO11F6WC,2026-07-23T17:00:00
recon:918,pay_nLwriUNBeJqqyP,payment,,,order_000576,UPI,916005,0,0,916005,2026-07-20T15:38:00,setl_Fk6cmhmyNwwTjH,2092973521xwnpjk,2026-07-22T17:00:00
recon:919,pay_nNG9Zu4R8vOqWT,payment,,,order_000501,CARD,1931865,38637,6955,1886273,2026-08-11T12:50:00,setl_actrKB2ty7ejUN,BAEX1WGIHN3VZW7Z,2026-08-13T17:00:00
recon:920,pay_nTvnRO2qGFq562,payment,,,order_000019,CARD,212275,4246,764,207265,2026-07-19T13:31:00,setl_uPHQccb6jE2RlU,JFKO1MH1BTOHNZ7F,2026-07-21T17:00:00
recon:921,pay_nVS9GQLMsLK6hN,payment,,,order_001102,UPI,489327,0,0,489327,2026-07-23T12:58:00,setl_Wqijn9nSjj8k6T,1944258921llwzdy,2026-07-27T17:00:00
recon:922,pay_nWVWouw5rGRBrd,payment,,,order_000398,NETBANKING,2300901,24209,4358,2272334,2026-08-05T18:17:00,setl_ApwuSoEmcLVyrK,FOOC1HWIYOUNDX3A,2026-08-07T17:00:00
recon:923,pay_naOmSsqYettGJu,payment,,,order_000345,UPI,1629519,0,0,1629519,2026-07-29T15:33:00,setl_JFwZldEZaZibqk,FVAC15GIFJTEMP1Z,2026-07-31T17:00:00
recon:924,pay_nc5QKdahvNUrsB,payment,,,order_000928,UPI,1186901,0,0,1186901,2026-07-24T12:48:00,setl_l04NvnxPd5yp15,7311804671rgpa5u,2026-07-28T17:00:00
recon:925,pay_ngJrTM84Z3QeK5,payment,,,order_000653,UPI,126870,0,0,126870,2026-07-23T20:00:00,setl_Wqijn9nSjj8k6T,1944258921llwzdy,2026-07-27T17:00:00
recon:926,pay_njGo1mY5JNS18H,payment,,,order_000415,UPI,81047,0,0,81047,2026-07-27T19:30:00,setl_o2J8tXhPJuja4Q,YMFM1D6SZO4XYEUR,2026-07-29T17:00:00
recon:927,pay_nm830YrsVFyiB2,payment,,,,NETBANKING,140226,2602,468,137156,2026-08-09T17:49:00,setl_K4r4AqbHWR1QSJ,HBSK160I4N87RGPK,2026-08-11T17:00:00
recon:928,pay_npEVX80vZVynzl,payment,,,order_000516,UPI,555876,0,0,555876,2026-08-14T09:43:00,setl_toQCTLAGVSRZQz,8008529461djf52s,2026-08-18T17:00:00
recon:929,pay_npGfBUDtkUmpBl,payment,,,order_000545,CARD,1586503,31730,5711,1549062,2026-07-20T11:30:00,setl_Fk6cmhmyNwwTjH,2092973521xwnpjk,2026-07-22T17:00:00
recon:930,pay_npQsPPRVkFkbm3,payment,,,order_001132,CARD,408918,8178,1472,399268,2026-08-08T12:47:00,setl_K4r4AqbHWR1QSJ,HBSK160I4N87RGPK,2026-08-11T17:00:00
recon:931,pay_nrCAq3LdFIxS8h,payment,,,order_000442,UPI,43351,0,0,43351,2026-08-08T14:49:00,setl_K4r4AqbHWR1QSJ,HBSK160I4N87RGPK,2026-08-11T17:00:00
recon:932,pay_nydCCzmnXyL0hf,payment,,,,CARD,1828148,36563,6581,1785004,2026-07-19T17:12:00,setl_uPHQccb6jE2RlU,JFKO1MH1BTOHNZ7F,2026-07-21T17:00:00
recon:933,pay_o7u1LoCqt5P2c0,payment,,,order_000964,CARD,935914,18718,3369,913827,2026-08-11T19:52:00,setl_actrKB2ty7ejUN,BAEX1WGIHN3VZW7Z,2026-08-13T17:00:00
recon:934,pay_oPxNUhdgQxCSSb,payment,,,order_001027,CARD,20285,406,73,19806,2026-08-12T18:01:00,setl_mvLvOR1E9aJ8BZ,STGC1QX9TMQUZYOF,2026-08-14T17:00:00
recon:935,pay_oTWJalmBS9kgPY,payment,,,order_001179,UPI,1776163,0,0,1776163,2026-08-14T18:58:00,setl_toQCTLAGVSRZQz,8008529461djf52s,2026-08-18T17:00:00
recon:936,pay_oTq5t7IGmJt9lu,payment,,,,UPI,875009,0,0,875009,2026-07-29T11:26:00,setl_JFwZldEZaZibqk,FVAC15GIFJTEMP1Z,2026-07-31T17:00:00
recon:937,pay_obu7g1TPvYjics,payment,,,order_000093,UPI,31548,0,0,31548,2026-07-28T19:25:00,setl_YEcxuqKeZl7OQe,NXIC1EVV1RBFYNU2,2026-07-30T17:00:00
recon:938,pay_ofAeh9EDA25ICi,payment,,,order_000812,UPI,317097,0,0,317097,2026-08-04T20:39:00,setl_zttIQWBFztKCLC,163656045001,2026-08-06T17:00:00
recon:939,pay_ohJoFqvYwXcX4J,payment,,,order_000475,UPI,47277,0,0,47277,2026-08-13T17:42:00,setl_eo7IJxd4ns4lm1,VXEB1PMT3SLQ0NGB,2026-08-17T17:00:00
recon:940,pay_ow88H5s2fqmO9J,payment,,,order_000107,UPI,2186231,0,0,2186231,2026-08-01T14:01:00,setl_Awp1O7n8ORK56S,31916543016vlohj,2026-08-04T17:00:00
recon:941,pay_p2xgRxI5Pwdzrm,payment,,,order_000066,UPI,506419,0,0,506419,2026-07-24T13:23:00,setl_l04NvnxPd5yp15,7311804671rgpa5u,2026-07-28T17:00:00
recon:942,pay_p32QF1S9BAdOg3,payment,,,order_000825,CARD,1874704,37494,6749,1830461,2026-07-19T14:23:00,setl_uPHQccb6jE2RlU,JFKO1MH1BTOHNZ7F,2026-07-21T17:00:00
recon:943,pay_p4iU99s8D9l4xQ,payment,,,order_001193,UPI,300301,0,0,300301,2026-08-04T17:34:00,setl_zttIQWBFztKCLC,163656045001,2026-08-06T17:00:00
recon:944,pay_p5Js7uPpP8fLGW,payment,,,order_001143,UPI,2105836,0,0,2105836,2026-07-22T16:29:00,setl_Ezf6dJDcGlyMFY,823601071261,2026-07-24T17:00:00
recon:945,pay_p6dG2MI4epIJfv,payment,,,order_001001,CARD,1601199,32024,5764,1563411,2026-07-17T17:36:00,setl_uPHQccb6jE2RlU,JFKO1MH1BTOHNZ7F,2026-07-21T17:00:00
recon:946,pay_p9X3zfb2nkyXzs,payment,,,order_000461,UPI,176794,0,0,176794,2026-07-18T20:27:00,setl_uPHQccb6jE2RlU,JFKO1MH1BTOHNZ7F,2026-07-21T17:00:00
recon:947,pay_pCrvvAefq7cSV2,payment,,,order_001022,CARD,69344,1387,250,67707,2026-08-11T11:48:00,setl_actrKB2ty7ejUN,BAEX1WGIHN3VZW7Z,2026-08-13T17:00:00
recon:948,pay_pF4F79zLnzB2ps,payment,,,order_000953,UPI,49734,0,0,49734,2026-07-29T19:28:00,setl_JFwZldEZaZibqk,FVAC15GIFJTEMP1Z,2026-07-31T17:00:00
recon:949,pay_pGMF9r6mUlAcXa,payment,,,order_000961,UPI,1957881,0,0,1957881,2026-07-29T13:35:00,setl_JFwZldEZaZibqk,FVAC15GIFJTEMP1Z,2026-07-31T17:00:00
recon:950,pay_pGYYZSsSQd7yyA,payment,,,order_000248,UPI,797836,0,0,797836,2026-07-19T20:52:00,setl_uPHQccb6jE2RlU,JFKO1MH1BTOHNZ7F,2026-07-21T17:00:00
recon:951,pay_pGrZdOq4y40b8J,payment,,,order_000327,NETBANKING,986420,11064,1992,973364,2026-07-21T10:21:00,setl_jOSX0CoSNm5HMM,JLPW1OWOIO11F6WC,2026-07-23T17:00:00
recon:952,pay_pKEQFruXUEofqX,payment,,,order_000658,CARD,691509,13830,2489,675190,2026-08-13T16:03:00,setl_eo7IJxd4ns4lm1,VXEB1PMT3SLQ0NGB,2026-08-17T17:00:00
recon:953,pay_pVBWpNfdixFsmj,payment,,,order_000542,CARD,53243,1065,192,51986,2026-07-16T14:47:00,setl_4V0jo5CDCiKBzR,GGOA1HRDCWJ28EBX,2026-07-20T17:00:00
recon:954,pay_paaQf6h1KQFj8f,payment,,,order_000231,UPI,589128,0,0,589128,2026-08-02T17:19:00,setl_Awp1O7n8ORK56S,31916543016vlohj,2026-08-04T17:00:00
recon:955,pay_phJWAMMYNoXHyC,payment,,,order_000045,CARD,33030,661,119,32250,2026-07-20T13:09:00,setl_Fk6cmhmyNwwTjH,2092973521xwnpjk,2026-07-22T17:00:00
recon:956,pay_pmhHgNx3WIGoDX,payment,,,order_000388,UPI,15051,0,0,15051,2026-08-04T11:35:00,setl_zttIQWBFztKCLC,163656045001,2026-08-06T17:00:00
recon:957,pay_pofLaoAVW4ZYIK,payment,,,order_000696,UPI,2109482,0,0,2109482,2026-07-19T17:49:00,setl_uPHQccb6jE2RlU,JFKO1MH1BTOHNZ7F,2026-07-21T17:00:00
recon:958,pay_puc2vwEWpIvFoB,payment,,,order_000991,UPI,110725,0,0,110725,2026-08-03T14:12:00,setl_ckhLew1bXwFZyr,974700026871,2026-08-05T17:00:00
recon:959,pay_pvrRJGtOChW8lF,payment,,,,CARD,1884071,37681,6783,1839607,2026-07-31T21:08:00,setl_Awp1O7n8ORK56S,31916543016vlohj,2026-08-04T17:00:00
recon:960,pay_px6pmfbAbav0mR,payment,,,,NETBANKING,116135,2361,425,113349,2026-07-17T10:01:00,setl_uPHQccb6jE2RlU,JFKO1MH1BTOHNZ7F,2026-07-21T17:00:00
recon:961,pay_q2kOZBejUh6kdn,payment,,,order_001128,UPI,429776,0,0,429776,2026-08-14T14:28:00,setl_toQCTLAGVSRZQz,8008529461djf52s,2026-08-18T17:00:00
recon:962,pay_q3OOMJn0CournL,payment,,,order_000604,NETBANKING,2237250,23573,4243,2209434,2026-08-03T14:27:00,setl_ckhLew1bXwFZyr,974700026871,2026-08-05T17:00:00
recon:963,pay_q608E9ZsV3vZhD,payment,,,order_000062,CARD,1728866,34577,6224,1688065,2026-08-13T15:11:00,setl_eo7IJxd4ns4lm1,VXEB1PMT3SLQ0NGB,2026-08-17T17:00:00
recon:964,pay_q7K2o4HUYrm2Rb,payment,,,order_000506,CARD,25515,510,92,24913,2026-08-03T14:03:00,setl_ckhLew1bXwFZyr,974700026871,2026-08-05T17:00:00
recon:965,pay_q8VSVfnkzgge74,payment,,,order_000294,UPI,151799,0,0,151799,2026-07-29T11:26:00,setl_JFwZldEZaZibqk,FVAC15GIFJTEMP1Z,2026-07-31T17:00:00
recon:966,pay_qAyCOzBubyRhIa,payment,,,order_000257,UPI,143778,0,0,143778,2026-07-21T16:15:00,setl_jOSX0CoSNm5HMM,JLPW1OWOIO11F6WC,2026-07-23T17:00:00
recon:967,pay_qDdg0l3c2sxZRu,payment,,,order_000232,UPI,2388417,0,0,2388417,2026-07-19T14:12:00,setl_uPHQccb6jE2RlU,JFKO1MH1BTOHNZ7F,2026-07-21T17:00:00
recon:968,pay_qPxSpdQhDtkzRG,payment,,,order_000128,UPI,830548,0,0,830548,2026-07-30T17:10:00,setl_DIKPDzcK9HEnek,PHCZ1LI2YB3V7848,2026-08-03T17:00:00
recon:969,pay_qQdrf7jObOL3gh,payment,,,order_000645,NETBANKING,370267,4903,883,364481,2026-08-02T15:20:00,setl_Awp1O7n8ORK56S,31916543016vlohj,2026-08-04T17:00:00
recon:970,pay_qWJFMZ8R4DHGG3,payment,,,order_001079,UPI,1954157,0,0,1954157,2026-07-28T11:06:00,setl_YEcxuqKeZl7OQe,NXIC1EVV1RBFYNU2,2026-07-30T17:00:00
recon:971,pay_qWp1OrXXHFOprC,payment,,,order_000031,UPI,574909,0,0,574909,2026-07-29T18:43:00,setl_JFwZldEZaZibqk,FVAC15GIFJTEMP1Z,2026-07-31T17:00:00
recon:972,pay_qZz4yYi2OlXAvS,payment,,,order_001123,UPI,1535533,0,0,1535533,2026-08-10T09:56:00,setl_g9a5WKCidSlh3E,7548534651v4iicp,2026-08-12T17:00:00
recon:973,pay_qjH3Bas7ZCyRu9,payment,,,order_000371,UPI,393105,0,0,393105,2026-07-31T17:26:00,setl_Awp1O7n8ORK56S,31916543016vlohj,2026-08-04T17:00:00
recon:974,pay_qkVCJTBJahe84S,payment,,,order_000020,UPI,1023694,0,0,1023694,2026-07-24T11:21:00,setl_l04NvnxPd5yp15,7311804671rgpa5u,2026-07-28T17:00:00
recon:975,pay_qkfI0jMQKIEsFH,payment,,,order_001005,CARD,1422256,28445,5120,1388691,2026-08-06T11:11:00,setl_7sAQBptvWq3587,HJWI1ETHZPPQR2SO,2026-08-10T17:00:00
recon:976,pay_qoamtONh4R5G0K,payment,,,order_001059,CARD,220121,4402,792,214927,2026-08-04T18:23:00,setl_zttIQWBFztKCLC,163656045001,2026-08-06T17:00:00
recon:977,pay_qpML8Q1kahXfPT,payment,,,order_000550,CARD,1167671,23353,4204,1140114,2026-08-05T12:59:00,setl_ApwuSoEmcLVyrK,FOOC1HWIYOUNDX3A,2026-08-07T17:00:00
recon:978,pay_qs1xbuBYyuJJVm,payment,,,order_000797,NETBANKING,1104216,12242,2204,1089770,2026-07-30T15:41:00,setl_DIKPDzcK9HEnek,PHCZ1LI2YB3V7848,2026-08-03T17:00:00
recon:979,pay_qvZ3FXJDQgQ2vW,payment,,,order_000817,UPI,1994561,0,0,1994561,2026-08-05T18:17:00,setl_ApwuSoEmcLVyrK,FOOC1HWIYOUNDX3A,2026-08-07T17:00:00
recon:980,pay_qvsSCvYCSqKrMc,payment,,,order_000783,NETBANKING,163831,2838,511,160482,2026-07-18T17:36:00,setl_uPHQccb6jE2RlU,JFKO1MH1BTOHNZ7F,2026-07-21T17:00:00
recon:981,pay_qwfagTZFpLFoLB,payment,,,,CARD,1120477,22410,4034,1094033,2026-07-24T14:08:00,setl_l04NvnxPd5yp15,7311804671rgpa5u,2026-07-28T17:00:00
recon:982,pay_qxZW8rdcR8BqtP,payment,,,order_001130,NETBANKING,276346,3963,713,271670,2026-07-19T20:32:00,setl_uPHQccb6jE2RlU,JFKO1MH1BTOHNZ7F,2026-07-21T17:00:00
recon:983,pay_qxocQnH6YxyE6D,payment,,,,UPI,148464,0,0,148464,2026-07-31T14:14:00,setl_Awp1O7n8ORK56S,31916543016vlohj,2026-08-04T17:00:00
recon:984,pay_r1xiRUv4EDCwXt,payment,,,order_000263,UPI,1035524,0,0,1035524,2026-07-26T13:19:00,setl_l04NvnxPd5yp15,7311804671rgpa5u,2026-07-28T17:00:00
recon:985,pay_r5IKQcl72ub9nL,payment,,,order_000149,UPI,1179080,0,0,1179080,2026-08-13T19:49:00,setl_eo7IJxd4ns4lm1,VXEB1PMT3SLQ0NGB,2026-08-17T17:00:00
recon:986,pay_r7TSjo2iiTCFw2,payment,,,order_001185,UPI,2395147,0,0,2395147,2026-08-08T12:08:00,setl_K4r4AqbHWR1QSJ,HBSK160I4N87RGPK,2026-08-11T17:00:00
recon:987,pay_r8BH8T470otO2f,payment,,,order_000582,UPI,641802,0,0,641802,2026-07-30T13:14:00,setl_DIKPDzcK9HEnek,PHCZ1LI2YB3V7848,2026-08-03T17:00:00
recon:988,pay_r8XgotFvdKH5HL,payment,,,order_000716,CARD,1312304,26246,4724,1281334,2026-07-30T19:19:00,setl_DIKPDzcK9HEnek,PHCZ1LI2YB3V7848,2026-08-03T17:00:00
recon:989,pay_rB5y2wDqnDtRH0,payment,,,order_000218,UPI,1265460,0,0,1265460,2026-07-23T16:09:00,setl_Wqijn9nSjj8k6T,1944258921llwzdy,2026-07-27T17:00:00
recon:990,pay_rBFbyvQRZzUk1D,payment,,,order_000033,CARD,607344,12147,2186,593011,2026-08-02T20:32:00,setl_Awp1O7n8ORK56S,31916543016vlohj,2026-08-04T17:00:00
recon:991,pay_rC5Gj1Bf86o0C4,payment,,,order_000092,UPI,1462133,0,0,1462133,2026-08-07T18:02:00,setl_K4r4AqbHWR1QSJ,HBSK160I4N87RGPK,2026-08-11T17:00:00
recon:992,pay_rDC44VjPvelPKv,payment,,,order_000802,UPI,476501,0,0,476501,2026-08-05T16:09:00,setl_lxwhkHkDARnBtp,594898959651,2026-08-07T17:00:00
recon:993,pay_rIuXCQhrjkrha9,payment,,,order_000352,UPI,107128,0,0,107128,2026-08-03T15:53:00,setl_ckhLew1bXwFZyr,974700026871,2026-08-05T17:00:00
recon:994,pay_rN5ov2o4tac263,payment,,,order_001134,NETBANKING,1725858,18459,3323,1704076,2026-08-04T15:04:00,setl_zttIQWBFztKCLC,163656045001,2026-08-06T17:00:00
recon:995,pay_rPAGb3X9XRaE6i,payment,,,order_000217,UPI,1156288,0,0,1156288,2026-08-09T15:29:00,setl_K4r4AqbHWR1QSJ,HBSK160I4N87RGPK,2026-08-11T17:00:00
recon:996,pay_rS8fRla5fQilC5,payment,,,,UPI,2117925,0,0,2117925,2026-07-28T18:23:00,setl_YEcxuqKeZl7OQe,NXIC1EVV1RBFYNU2,2026-07-30T17:00:00
recon:997,pay_rVRKXjPzKYZmjA,payment,,,order_000861,UPI,1120527,0,0,1120527,2026-07-30T10:48:00,setl_DIKPDzcK9HEnek,PHCZ1LI2YB3V7848,2026-08-03T17:00:00
recon:998,pay_rXBuR7KfhQABxw,payment,,,order_000320,NETBANKING,160910,2809,506,157595,2026-07-22T19:09:00,setl_gwP280Jo59JRJO,176484673571,2026-07-24T17:00:00
recon:999,pay_raUBV3ppuBLo57,payment,,,,UPI,1755868,0,0,1755868,2026-07-29T18:11:00,setl_JFwZldEZaZibqk,FVAC15GIFJTEMP1Z,2026-07-31T17:00:00
recon:1000,pay_rblrSWt6vwal3j,payment,,,order_000075,CARD,1724692,34494,6209,1683989,2026-08-06T18:45:00,setl_7sAQBptvWq3587,HJWI1ETHZPPQR2SO,2026-08-10T17:00:00
recon:1001,pay_rdbGnOHxbCzvZN,payment,,,order_000945,UPI,1271590,0,0,1271590,2026-08-01T13:41:00,setl_Awp1O7n8ORK56S,31916543016vlohj,2026-08-04T17:00:00
recon:1002,pay_rfVmU16e55iHtd,payment,,,order_000790,UPI,190515,0,0,190515,2026-07-23T17:15:00,setl_Wqijn9nSjj8k6T,1944258921llwzdy,2026-07-27T17:00:00
recon:1003,pay_rhIhRJAevOfx6v,payment,,,order_000578,UPI,167218,0,0,167218,2026-08-10T16:03:00,setl_g9a5WKCidSlh3E,7548534651v4iicp,2026-08-12T17:00:00
recon:1004,pay_ribqYZrQJlP2c9,payment,,,order_000439,CARD,116388,2328,419,113641,2026-08-02T18:49:00,setl_Awp1O7n8ORK56S,31916543016vlohj,2026-08-04T17:00:00
recon:1005,pay_rjjW6mfNyrzocc,payment,,,order_000947,NETBANKING,1312341,14323,2578,1295440,2026-07-28T15:18:00,setl_YEcxuqKeZl7OQe,NXIC1EVV1RBFYNU2,2026-07-30T17:00:00
recon:1006,pay_rql7HzDLzmiw00,payment,,,order_001055,NETBANKING,1820911,19409,3494,1798008,2026-08-13T18:00:00,setl_eo7IJxd4ns4lm1,VXEB1PMT3SLQ0NGB,2026-08-17T17:00:00
recon:1007,pay_rtqohUmuhVI8WS,payment,,,order_000042,CARD,1242602,24852,4473,1213277,2026-07-27T16:44:00,setl_o2J8tXhPJuja4Q,YMFM1D6SZO4XYEUR,2026-07-29T17:00:00
recon:1008,pay_rvrrZgqPLzDXRV,payment,,,order_000372,CARD,1071597,21432,3858,1046307,2026-08-02T17:48:00,setl_Awp1O7n8ORK56S,31916543016vlohj,2026-08-04T17:00:00
recon:1009,pay_rzoWKidHZBE8Ic,payment,,,order_000287,UPI,2100085,0,0,2100085,2026-08-13T15:13:00,setl_eo7IJxd4ns4lm1,VXEB1PMT3SLQ0NGB,2026-08-17T17:00:00
recon:1010,pay_s4NgpoqlUQtvTD,payment,,,order_000814,UPI,1293466,0,0,1293466,2026-07-20T14:57:00,setl_Fk6cmhmyNwwTjH,2092973521xwnpjk,2026-07-22T17:00:00
recon:1011,pay_s5oyM4E9bR7KpP,payment,,,order_000933,UPI,168782,0,0,168782,2026-07-22T14:17:00,setl_Ezf6dJDcGlyMFY,823601071261,2026-07-24T17:00:00
recon:1012,pay_s8y3NAp935k0u7,payment,,,order_000111,CARD,38290,766,138,37386,2026-07-30T11:39:00,setl_DIKPDzcK9HEnek,PHCZ1LI2YB3V7848,2026-08-03T17:00:00
recon:1013,pay_sCHwoLcDGNvBCD,payment,,,order_000523,CARD,1418867,28377,5108,1385382,2026-08-14T15:52:00,setl_toQCTLAGVSRZQz,8008529461djf52s,2026-08-18T17:00:00
recon:1014,pay_sNKfuoC0cpJjQr,payment,,,order_000834,NETBANKING,1972110,20921,3766,1947423,2026-07-20T16:05:00,setl_Fk6cmhmyNwwTjH,2092973521xwnpjk,2026-07-22T17:00:00
recon:1015,pay_sOTGXABSzfOIIN,payment,,,order_000180,UPI,408584,0,0,408584,2026-07-24T12:25:00,setl_l04NvnxPd5yp15,7311804671rgpa5u,2026-07-28T17:00:00
recon:1016,pay_sOc4M7ASOs1Nyy,payment,,,order_001110,CARD,408946,8179,1472,399295,2026-08-09T19:43:00,setl_K4r4AqbHWR1QSJ,HBSK160I4N87RGPK,2026-08-11T17:00:00
recon:1017,pay_sPkqRMpzphjmbp,payment,,,order_000438,UPI,192066,0,0,192066,2026-07-26T12:01:00,setl_l04NvnxPd5yp15,7311804671rgpa5u,2026-07-28T17:00:00
recon:1018,pay_sU74RrHuN4xKPk,payment,,,order_000736,UPI,486261,0,0,486261,2026-08-02T17:40:00,setl_Awp1O7n8ORK56S,31916543016vlohj,2026-08-04T17:00:00
recon:1019,pay_sUTM0DLAOMvIyE,payment,,,order_000771,NETBANKING,25090,1451,261,23378,2026-07-23T12:06:00,setl_Wqijn9nSjj8k6T,1944258921llwzdy,2026-07-27T17:00:00
recon:1020,pay_sV9chpt5JaYHCX,payment,,,order_001026,UPI,1732661,0,0,1732661,2026-08-13T12:57:00,setl_eo7IJxd4ns4lm1,VXEB1PMT3SLQ0NGB,2026-08-17T17:00:00
recon:1021,pay_sWuCRDbjNLkNwK,payment,,,order_000773,NETBANKING,353711,4737,853,348121,2026-07-27T13:30:00,setl_o2J8tXhPJuja4Q,YMFM1D6SZO4XYEUR,2026-07-29T17:00:00
recon:1022,pay_sYRtMfsW7Cyz0Q,payment,,,order_000258,UPI,643319,0,0,643319,2026-08-08T10:26:00,setl_K4r4AqbHWR1QSJ,HBSK160I4N87RGPK,2026-08-11T17:00:00
recon:1023,pay_sbG0SRBZ86lg6g,payment,,,order_000146,CARD,728233,14565,2622,711046,2026-07-29T10:04:00,setl_JFwZldEZaZibqk,FVAC15GIFJTEMP1Z,2026-07-31T17:00:00
recon:1024,pay_shYgFmMmXq1Hmw,payment,,,order_000230,UPI,963153,0,0,963153,2026-08-04T12:43:00,setl_zttIQWBFztKCLC,163656045001,2026-08-06T17:00:00
recon:1025,pay_smeb3Zo18HPvAL,payment,,,order_000401,UPI,1047810,0,0,1047810,2026-07-20T19:09:00,setl_Fk6cmhmyNwwTjH,2092973521xwnpjk,2026-07-22T17:00:00
recon:1026,pay_somVkB0HZYmfLb,payment,,,order_000688,UPI,490676,0,0,490676,2026-08-03T20:05:00,setl_ckhLew1bXwFZyr,974700026871,2026-08-05T17:00:00
recon:1027,pay_soxltaTIircdJs,payment,,,order_000043,UPI,1737775,0,0,1737775,2026-07-24T18:12:00,setl_l04NvnxPd5yp15,7311804671rgpa5u,2026-07-28T17:00:00
recon:1028,pay_sqpNC6pxLRPDfa,payment,,,order_000452,UPI,67928,0,0,67928,2026-07-25T16:11:00,setl_l04NvnxPd5yp15,7311804671rgpa5u,2026-07-28T17:00:00
recon:1029,pay_ssFfWBpNjUGlpr,payment,,,order_000592,CARD,483773,9675,1742,472356,2026-07-17T18:10:00,setl_uPHQccb6jE2RlU,JFKO1MH1BTOHNZ7F,2026-07-21T17:00:00
recon:1030,pay_stLS9x3obazFDy,payment,,,order_001173,UPI,823158,0,0,823158,2026-08-06T15:23:00,setl_7sAQBptvWq3587,HJWI1ETHZPPQR2SO,2026-08-10T17:00:00
recon:1031,pay_styR0Ecq99Alkz,payment,,,order_000762,UPI,465356,0,0,465356,2026-07-29T13:56:00,setl_JFwZldEZaZibqk,FVAC15GIFJTEMP1Z,2026-07-31T17:00:00
recon:1032,pay_suAPuhgHQec18i,payment,,,order_000309,CARD,74034,1481,267,72286,2026-07-22T17:53:00,setl_Ezf6dJDcGlyMFY,823601071261,2026-07-24T17:00:00
recon:1033,pay_t1HuHf4M1n9k8O,payment,,,order_000742,NETBANKING,574446,6944,1250,566252,2026-08-02T18:28:00,setl_Awp1O7n8ORK56S,31916543016vlohj,2026-08-04T17:00:00
recon:1034,pay_t1SJ3uTV7JOnmn,payment,,,order_000244,CARD,1406954,28139,5065,1373750,2026-07-20T12:42:00,setl_Fk6cmhmyNwwTjH,2092973521xwnpjk,2026-07-22T17:00:00
recon:1035,pay_t7cR2M3fvD4cgH,payment,,,order_000351,NETBANKING,48343,1683,303,46357,2026-07-17T19:36:00,setl_uPHQccb6jE2RlU,JFKO1MH1BTOHNZ7F,2026-07-21T17:00:00
recon:1036,pay_t8TkKOtETCRsjV,payment,,,order_000784,UPI,1281144,0,0,1281144,2026-07-16T13:30:00,setl_4V0jo5CDCiKBzR,GGOA1HRDCWJ28EBX,2026-07-20T17:00:00
recon:1037,pay_t96an7m9VhVWE6,payment,,,order_000140,CARD,2059430,41189,7414,2010827,2026-08-10T19:49:00,setl_g9a5WKCidSlh3E,7548534651v4iicp,2026-08-12T17:00:00
recon:1038,pay_tDu7W7eaDNKgeI,payment,,,order_000017,UPI,1136151,0,0,1136151,2026-08-07T15:24:00,setl_K4r4AqbHWR1QSJ,HBSK160I4N87RGPK,2026-08-11T17:00:00
recon:1039,pay_tE3Hve79LWyfaA,payment,,,order_000409,CARD,66271,1325,239,64707,2026-08-13T16:19:00,setl_eo7IJxd4ns4lm1,VXEB1PMT3SLQ0NGB,2026-08-17T17:00:00
recon:1040,pay_tGz0IEqcWPmsw3,payment,,,order_000099,UPI,262507,0,0,262507,2026-07-22T13:33:00,setl_Ezf6dJDcGlyMFY,823601071261,2026-07-24T17:00:00
recon:1041,pay_tKACf2OGnY9jxI,payment,,,order_000497,NETBANKING,1547154,16672,3001,1527481,2026-08-03T13:37:00,setl_ckhLew1bXwFZyr,974700026871,2026-08-05T17:00:00
recon:1042,pay_tKigueT63YIlz0,payment,,,order_000572,CARD,1242190,24844,4472,1212874,2026-08-03T13:06:00,setl_ckhLew1bXwFZyr,974700026871,2026-08-05T17:00:00
recon:1043,pay_tKwXTzVi23QhVo,payment,,,,UPI,596549,0,0,596549,2026-08-02T19:12:00,setl_Awp1O7n8ORK56S,31916543016vlohj,2026-08-04T17:00:00
recon:1044,pay_tOcMhwUcIVzplf,payment,,,order_000766,UPI,511014,0,0,511014,2026-07-24T11:52:00,setl_l04NvnxPd5yp15,7311804671rgpa5u,2026-07-28T17:00:00
recon:1045,pay_tOkvOtRNBNhMiH,payment,,,order_000881,UPI,15417,0,0,15417,2026-07-23T20:38:00,setl_Wqijn9nSjj8k6T,1944258921llwzdy,2026-07-27T17:00:00
recon:1046,pay_tR469Y3UPx98aJ,payment,,,order_000259,CARD,1014004,20280,3650,990074,2026-07-20T16:28:00,setl_Fk6cmhmyNwwTjH,2092973521xwnpjk,2026-07-22T17:00:00
recon:1047,pay_tRz6jh7Y9Qm9Ou,payment,,,,UPI,60251,0,0,60251,2026-08-13T17:29:00,setl_eo7IJxd4ns4lm1,VXEB1PMT3SLQ0NGB,2026-08-17T17:00:00
recon:1048,pay_tSM9lPVyXSYQQf,payment,,,order_000570,UPI,405957,0,0,405957,2026-08-05T18:58:00,setl_lxwhkHkDARnBtp,594898959651,2026-08-07T17:00:00
recon:1049,pay_tY5U3SObMEq9PY,payment,,,order_000117,NETBANKING,446161,5662,1019,439480,2026-07-16T16:51:00,setl_4V0jo5CDCiKBzR,GGOA1HRDCWJ28EBX,2026-07-20T17:00:00
recon:1050,pay_tYCcLxUif6suVA,payment,,,order_000061,UPI,1053124,0,0,1053124,2026-08-11T12:15:00,setl_actrKB2ty7ejUN,BAEX1WGIHN3VZW7Z,2026-08-13T17:00:00
recon:1051,pay_tYZFxDSYcvf1W8,payment,,,order_000302,UPI,305507,0,0,305507,2026-07-23T11:19:00,setl_Wqijn9nSjj8k6T,1944258921llwzdy,2026-07-27T17:00:00
recon:1052,pay_tg73CvORI0lmXg,payment,,,order_000794,UPI,478792,0,0,478792,2026-07-31T17:06:00,setl_Awp1O7n8ORK56S,31916543016vlohj,2026-08-04T17:00:00
recon:1053,pay_u0p8xQzyNdw3vZ,payment,,,order_000556,UPI,307489,0,0,307489,2026-08-04T17:19:00,setl_zttIQWBFztKCLC,163656045001,2026-08-06T17:00:00
recon:1054,pay_u2QEevbM6LCyGO,payment,,,order_000541,UPI,1956773,0,0,1956773,2026-08-09T13:31:00,setl_K4r4AqbHWR1QSJ,HBSK160I4N87RGPK,2026-08-11T17:00:00
recon:1055,pay_u2xAWOB0UuMpKI,payment,,,order_000313,UPI,766934,0,0,766934,2026-08-04T20:17:00,setl_zttIQWBFztKCLC,163656045001,2026-08-06T17:00:00
recon:1056,pay_u3OujCeECOtYrL,payment,,,order_000083,CARD,2433514,48670,8761,2376083,2026-08-09T18:54:00,setl_K4r4AqbHWR1QSJ,HBSK160I4N87RGPK,2026-08-11T17:00:00
recon:1057,pay_u3XLGAYWCICrt3,payment,,,order_001064,NETBANKING,23466,1435,258,21773,2026-07-26T19:59:00,setl_l04NvnxPd5yp15,7311804671rgpa5u,2026-07-28T17:00:00
recon:1058,pay_u8UU69ZKin3dZP,payment,,,order_000460,UPI,2261944,0,0,2261944,2026-07-24T12:47:00,setl_l04NvnxPd5yp15,7311804671rgpa5u,2026-07-28T17:00:00
recon:1059,pay_u9yKVatdLIm2yB,payment,,,order_000563,UPI,55344,0,0,55344,2026-07-26T14:22:00,setl_l04NvnxPd5yp15,7311804671rgpa5u,2026-07-28T17:00:00
recon:1060,pay_uAo1mr4mlsqSCq,payment,,,order_000751,UPI,64002,0,0,64002,2026-07-17T17:17:00,setl_uPHQccb6jE2RlU,JFKO1MH1BTOHNZ7F,2026-07-21T17:00:00
recon:1061,pay_uCtBKzWAaW8zd9,payment,,,order_000796,UPI,1723746,0,0,1723746,2026-07-27T14:06:00,setl_o2J8tXhPJuja4Q,YMFM1D6SZO4XYEUR,2026-07-29T17:00:00
recon:1062,pay_uFCvNQtSLjKKxZ,payment,,,order_000262,UPI,2028380,0,0,2028380,2026-08-06T13:57:00,setl_7sAQBptvWq3587,HJWI1ETHZPPQR2SO,2026-08-10T17:00:00
recon:1063,pay_uQqx9jR7Eef1ff,payment,,,order_000072,UPI,257750,0,0,257750,2026-07-26T19:37:00,setl_l04NvnxPd5yp15,7311804671rgpa5u,2026-07-28T17:00:00
recon:1064,pay_uSIGgdw5AT8NFr,payment,,,order_000698,CARD,1996565,39931,7188,1949446,2026-08-09T21:13:00,setl_K4r4AqbHWR1QSJ,HBSK160I4N87RGPK,2026-08-11T17:00:00
recon:1065,pay_uWoXZ6UYpg54lU,payment,,,,UPI,1161774,0,0,1161774,2026-07-23T13:57:00,setl_Wqijn9nSjj8k6T,1944258921llwzdy,2026-07-27T17:00:00
recon:1066,pay_uYOemEhCfEmgIL,payment,,,order_000791,UPI,1532354,0,0,1532354,2026-08-03T18:35:00,setl_ckhLew1bXwFZyr,974700026871,2026-08-05T17:00:00
recon:1067,pay_uciF31rVx7Bs54,payment,,,order_000455,CARD,183511,3670,661,179180,2026-07-18T18:19:00,setl_uPHQccb6jE2RlU,JFKO1MH1BTOHNZ7F,2026-07-21T17:00:00
recon:1068,pay_ufHFDM5589UreC,payment,,,order_000884,UPI,69693,0,0,69693,2026-07-26T18:47:00,setl_l04NvnxPd5yp15,7311804671rgpa5u,2026-07-28T17:00:00
recon:1069,pay_ukOUcV7JHhqEOt,payment,,,order_000304,UPI,257069,0,0,257069,2026-08-01T16:19:00,setl_Awp1O7n8ORK56S,31916543016vlohj,2026-08-04T17:00:00
recon:1070,pay_ukzNV1tLvG1GIF,payment,,,order_000116,CARD,2170607,43412,7814,2119381,2026-07-30T12:56:00,setl_DIKPDzcK9HEnek,PHCZ1LI2YB3V7848,2026-08-03T17:00:00
recon:1071,pay_uyKyuKgZFgSRnv,payment,,,order_000433,NETBANKING,16228,1362,245,14621,2026-07-29T16:30:00,setl_JFwZldEZaZibqk,FVAC15GIFJTEMP1Z,2026-07-31T17:00:00
recon:1072,pay_uyrlbuMob5ZXrd,payment,,,order_000196,CARD,810103,16202,2916,790985,2026-07-31T19:52:00,setl_Awp1O7n8ORK56S,31916543016vlohj,2026-08-04T17:00:00
recon:1073,pay_v2LK9vNtAvkgD4,payment,,,order_000515,NETBANKING,908891,10289,1852,896750,2026-07-22T16:56:00,setl_gwP280Jo59JRJO,176484673571,2026-07-24T17:00:00
recon:1074,pay_v4XNiMyjkl1SXN,payment,,,order_000089,NETBANKING,18540,1385,249,16906,2026-08-01T18:37:00,setl_Awp1O7n8ORK56S,31916543016vlohj,2026-08-04T17:00:00
recon:1075,pay_v5XugcFOStUbQM,payment,,,order_001164,UPI,741887,0,0,741887,2026-08-03T12:47:00,setl_ckhLew1bXwFZyr,974700026871,2026-08-05T17:00:00
recon:1076,pay_v9XDRD5L3bEhqe,payment,,,,CARD,162066,3241,583,158242,2026-07-24T19:47:00,setl_l04NvnxPd5yp15,7311804671rgpa5u,2026-07-28T17:00:00
recon:1077,pay_vIHNOeqOr7r3sM,payment,,,,UPI,610858,0,0,610858,2026-08-03T12:52:00,setl_ckhLew1bXwFZyr,974700026871,2026-08-05T17:00:00
recon:1078,pay_vKX2LMr9ZV3NQ6,payment,,,order_000740,CARD,1473295,29466,5304,1438525,2026-08-03T10:53:00,setl_ckhLew1bXwFZyr,974700026871,2026-08-05T17:00:00
recon:1079,pay_vLprYcf1xnztfu,payment,,,order_001060,UPI,1739415,0,0,1739415,2026-07-31T16:39:00,setl_Awp1O7n8ORK56S,31916543016vlohj,2026-08-04T17:00:00
recon:1080,pay_vMju3TuU3wziWx,payment,,,order_000110,CARD,551030,11021,1984,538025,2026-08-07T09:39:00,setl_K4r4AqbHWR1QSJ,HBSK160I4N87RGPK,2026-08-11T17:00:00
recon:1081,pay_vQhAw3Q8WB36Ud,payment,,,order_000073,UPI,798717,0,0,798717,2026-08-10T14:10:00,setl_g9a5WKCidSlh3E,7548534651v4iicp,2026-08-12T17:00:00
recon:1082,pay_vRtzdO9PfxI29v,payment,,,order_000379,CARD,2458434,49169,8850,2400415,2026-08-11T18:06:00,setl_actrKB2ty7ejUN,BAEX1WGIHN3VZW7Z,2026-08-13T17:00:00
recon:1083,pay_vZC5xWk9kubhmL,payment,,,order_000832,UPI,600596,0,0,600596,2026-08-09T17:23:00,setl_K4r4AqbHWR1QSJ,HBSK160I4N87RGPK,2026-08-11T17:00:00
recon:1084,pay_vagO2TBA2FVLMU,payment,,,order_000470,CARD,396335,7927,1427,386981,2026-07-23T13:34:00,setl_Wqijn9nSjj8k6T,1944258921llwzdy,2026-07-27T17:00:00
recon:1085,pay_vhsBkDa9U4UqGW,payment,,,order_000007,CARD,1482998,29660,5339,1447999,2026-08-06T14:38:00,setl_7sAQBptvWq3587,HJWI1ETHZPPQR2SO,2026-08-10T17:00:00
recon:1086,pay_vmQZ3XmMzk0Z68,payment,,,order_001097,UPI,797800,0,0,797800,2026-07-29T14:38:00,setl_JFwZldEZaZibqk,FVAC15GIFJTEMP1Z,2026-07-31T17:00:00
recon:1087,pay_vo4sMkYYO8N5kK,payment,,,order_000392,CARD,87835,1757,316,85762,2026-07-20T14:34:00,setl_Fk6cmhmyNwwTjH,2092973521xwnpjk,2026-07-22T17:00:00
recon:1088,pay_voKWC9VbFYSLIU,payment,,,order_001046,NETBANKING,429525,5495,989,423041,2026-08-01T13:19:00,setl_Awp1O7n8ORK56S,31916543016vlohj,2026-08-04T17:00:00
recon:1089,pay_vpF7zBB9YVcHSg,payment,,,order_001023,UPI,1519202,0,0,1519202,2026-07-29T10:27:00,setl_JFwZldEZaZibqk,FVAC15GIFJTEMP1Z,2026-07-31T17:00:00
recon:1090,pay_vw1O9ZsJHxSgc5,payment,,,order_000240,UPI,137191,0,0,137191,2026-08-07T16:44:00,setl_K4r4AqbHWR1QSJ,HBSK160I4N87RGPK,2026-08-11T17:00:00
recon:1091,pay_vwd0BGJlBKgFO2,payment,,,order_001025,UPI,175356,0,0,175356,2026-08-08T15:23:00,setl_K4r4AqbHWR1QSJ,HBSK160I4N87RGPK,2026-08-11T17:00:00
recon:1092,pay_w1OnL1GsckVIKe,payment,,,order_000500,UPI,374123,0,0,374123,2026-07-31T15:21:00,setl_Awp1O7n8ORK56S,31916543016vlohj,2026-08-04T17:00:00
recon:1093,pay_w4vzLA8rtmcLHS,payment,,,order_000670,CARD,2074309,41486,7467,2025356,2026-08-02T19:34:00,setl_Awp1O7n8ORK56S,31916543016vlohj,2026-08-04T17:00:00
recon:1094,pay_w5C9Nr4Ufx0vlh,payment,,,order_000233,UPI,87249,0,0,87249,2026-08-09T10:58:00,setl_K4r4AqbHWR1QSJ,HBSK160I4N87RGPK,2026-08-11T17:00:00
recon:1095,pay_w9BuYiprPfpJMM,payment,,,order_000177,NETBANKING,1339289,14593,2627,1322069,2026-08-13T11:22:00,setl_eo7IJxd4ns4lm1,VXEB1PMT3SLQ0NGB,2026-08-17T17:00:00
recon:1096,pay_wBnjzGBGvdCrxg,payment,,,order_000662,UPI,767544,0,0,767544,2026-08-01T18:01:00,setl_Awp1O7n8ORK56S,31916543016vlohj,2026-08-04T17:00:00
recon:1097,pay_wFf4OCVmicmbUL,payment,,,order_000381,UPI,1003229,0,0,1003229,2026-07-22T15:25:00,setl_Ezf6dJDcGlyMFY,823601071261,2026-07-24T17:00:00
recon:1098,pay_wITcMpwgeGChGe,payment,,,order_000706,UPI,1842194,0,0,1842194,2026-08-07T14:41:00,setl_K4r4AqbHWR1QSJ,HBSK160I4N87RGPK,2026-08-11T17:00:00
recon:1099,pay_wRDSQB4gkYlJzG,payment,,,order_000312,NETBANKING,1028484,11485,2067,1014932,2026-08-08T18:08:00,setl_K4r4AqbHWR1QSJ,HBSK160I4N87RGPK,2026-08-11T17:00:00
recon:1100,pay_wVpHaP49RqsWke,payment,,,order_000875,UPI,171494,0,0,171494,2026-07-29T19:48:00,setl_JFwZldEZaZibqk,FVAC15GIFJTEMP1Z,2026-07-31T17:00:00
recon:1101,pay_wbJZfV3FUO0E7y,payment,,,order_001039,UPI,898636,0,0,898636,2026-08-08T16:31:00,setl_K4r4AqbHWR1QSJ,HBSK160I4N87RGPK,2026-08-11T17:00:00
recon:1102,pay_wbqSE3ZyWIXgBS,payment,,,order_000909,CARD,636237,12725,2291,621221,2026-08-04T13:30:00,setl_zttIQWBFztKCLC,163656045001,2026-08-06T17:00:00
recon:1103,pay_wh3s3bpBSLzOuT,payment,,,order_000361,UPI,1688985,0,0,1688985,2026-08-13T18:42:00,setl_eo7IJxd4ns4lm1,VXEB1PMT3SLQ0NGB,2026-08-17T17:00:00
recon:1104,pay_wiXSLF0bXgoDhj,payment,,,,UPI,819178,0,0,819178,2026-08-10T11:41:00,setl_g9a5WKCidSlh3E,7548534651v4iicp,2026-08-12T17:00:00
recon:1105,pay_woThq5YfYLBhwB,payment,,,order_001109,CARD,19623,392,71,19160,2026-08-06T20:34:00,setl_7sAQBptvWq3587,HJWI1ETHZPPQR2SO,2026-08-10T17:00:00
recon:1106,pay_wt9PSQziMT8ftJ,payment,,,order_000087,UPI,64704,0,0,64704,2026-08-06T14:45:00,setl_7sAQBptvWq3587,HJWI1ETHZPPQR2SO,2026-08-10T17:00:00
recon:1107,pay_wx8t1eB82PtoSf,payment,,,order_000808,UPI,1842206,0,0,1842206,2026-07-16T12:53:00,setl_4V0jo5CDCiKBzR,GGOA1HRDCWJ28EBX,2026-07-20T17:00:00
recon:1108,pay_x61nzgFYbAeF9O,payment,,,order_000646,UPI,622031,0,0,622031,2026-07-20T16:13:00,setl_Fk6cmhmyNwwTjH,2092973521xwnpjk,2026-07-22T17:00:00
recon:1109,pay_x9NQTgEFV12Kmi,payment,,,order_000813,UPI,1085605,0,0,1085605,2026-07-25T17:05:00,setl_l04NvnxPd5yp15,7311804671rgpa5u,2026-07-28T17:00:00
recon:1110,pay_x9zDKpSotR02fP,payment,,,order_000147,UPI,406454,0,0,406454,2026-08-01T16:40:00,setl_Awp1O7n8ORK56S,31916543016vlohj,2026-08-04T17:00:00
recon:1111,pay_xB5YtNexCLRXwx,payment,,,order_001092,CARD,1032342,20647,3716,1007979,2026-07-27T19:08:00,setl_o2J8tXhPJuja4Q,YMFM1D6SZO4XYEUR,2026-07-29T17:00:00
recon:1112,pay_xGZVRk8bj2MRYC,payment,,,order_000102,UPI,1024959,0,0,1024959,2026-07-29T13:59:00,setl_JFwZldEZaZibqk,FVAC15GIFJTEMP1Z,2026-07-31T17:00:00
recon:1113,pay_xI0WcWUCInBgV1,payment,,,order_000167,UPI,747986,0,0,747986,2026-08-01T11:41:00,setl_Awp1O7n8ORK56S,31916543016vlohj,2026-08-04T17:00:00
recon:1114,pay_xIoS8HkxkgRkOO,payment,,,order_000819,CARD,1606433,32129,5783,1568521,2026-08-04T12:35:00,setl_zttIQWBFztKCLC,163656045001,2026-08-06T17:00:00
recon:1115,pay_xTPYcy4OqXINdM,payment,,,order_000228,UPI,85961,0,0,85961,2026-07-20T15:37:00,setl_Fk6cmhmyNwwTjH,2092973521xwnpjk,2026-07-22T17:00:00
recon:1116,pay_xWkI9X7H6aMuFb,payment,,,order_000008,CARD,113320,2266,408,110646,2026-08-05T15:27:00,setl_lxwhkHkDARnBtp,594898959651,2026-08-07T17:00:00
recon:1117,pay_xbKBc9G3ZuYIFs,payment,,,order_000801,CARD,2448792,48976,8816,2391000,2026-08-10T12:37:00,setl_g9a5WKCidSlh3E,7548534651v4iicp,2026-08-12T17:00:00
recon:1118,pay_xcIlR15AgfWkne,payment,,,order_000997,UPI,15144,0,0,15144,2026-07-20T11:22:00,setl_Fk6cmhmyNwwTjH,2092973521xwnpjk,2026-07-22T17:00:00
recon:1119,pay_xkUsTCWGFU3gjP,payment,,,order_000477,CARD,119826,2397,431,116998,2026-08-01T13:41:00,setl_Awp1O7n8ORK56S,31916543016vlohj,2026-08-04T17:00:00
recon:1120,pay_xlTimFlG8hCK0n,payment,,,order_000553,UPI,87353,0,0,87353,2026-08-01T15:58:00,setl_Awp1O7n8ORK56S,31916543016vlohj,2026-08-04T17:00:00
recon:1121,pay_xoDuVhSpCU94Ax,payment,,,order_000711,UPI,1601450,0,0,1601450,2026-08-11T16:23:00,setl_actrKB2ty7ejUN,BAEX1WGIHN3VZW7Z,2026-08-13T17:00:00
recon:1122,pay_xvG0aNMWz6ePoi,payment,,,order_000761,CARD,152418,3048,549,148821,2026-08-03T09:27:00,setl_ckhLew1bXwFZyr,974700026871,2026-08-05T17:00:00
recon:1123,pay_xwZVLbW5OvygBw,payment,,,order_000431,UPI,55840,0,0,55840,2026-07-25T15:50:00,setl_l04NvnxPd5yp15,7311804671rgpa5u,2026-07-28T17:00:00
recon:1124,pay_y7zNPHsT9Md8X0,payment,,,order_000279,UPI,18542,0,0,18542,2026-07-18T15:22:00,setl_uPHQccb6jE2RlU,JFKO1MH1BTOHNZ7F,2026-07-21T17:00:00
recon:1125,pay_y8gY7hlHU4tL0Z,payment,,,order_000579,UPI,2347227,0,0,2347227,2026-07-23T15:17:00,setl_Wqijn9nSjj8k6T,1944258921llwzdy,2026-07-27T17:00:00
recon:1126,pay_y953ni3ntB0TQE,payment,,,,CARD,1387368,27747,4994,1354627,2026-07-21T12:37:00,setl_jOSX0CoSNm5HMM,JLPW1OWOIO11F6WC,2026-07-23T17:00:00
recon:1127,pay_yFb3yyCconylQB,payment,,,order_000700,UPI,1829788,0,0,1829788,2026-08-03T18:10:00,setl_ckhLew1bXwFZyr,974700026871,2026-08-05T17:00:00
recon:1128,pay_yOI1kKMylMh3YW,payment,,,order_000348,UPI,17414,0,0,17414,2026-08-13T17:45:00,setl_eo7IJxd4ns4lm1,VXEB1PMT3SLQ0NGB,2026-08-17T17:00:00
recon:1129,pay_yQrQ26Qx3gbs34,payment,,,,CARD,15172,303,55,14814,2026-08-10T14:04:00,setl_g9a5WKCidSlh3E,7548534651v4iicp,2026-08-12T17:00:00
recon:1130,pay_ySjTneAAvIDAdn,payment,,,,CARD,71533,1431,258,69844,2026-07-26T16:38:00,setl_l04NvnxPd5yp15,7311804671rgpa5u,2026-07-28T17:00:00
recon:1131,pay_yVqTYxZZqBxx57,payment,,,order_000836,UPI,1977199,0,0,1977199,2026-08-12T19:00:00,setl_mvLvOR1E9aJ8BZ,STGC1QX9TMQUZYOF,2026-08-14T17:00:00
recon:1132,pay_yevn0SLBYBKYvI,payment,,,order_000357,UPI,2371935,0,0,2371935,2026-07-29T13:25:00,setl_JFwZldEZaZibqk,FVAC15GIFJTEMP1Z,2026-07-31T17:00:00
recon:1133,pay_yiAmP4ZHpOZIYb,payment,,,order_000195,CARD,34122,682,123,33317,2026-07-31T19:18:00,setl_Awp1O7n8ORK56S,31916543016vlohj,2026-08-04T17:00:00
recon:1134,pay_ykUeJ85fvMN5ET,payment,,,order_000205,UPI,86905,0,0,86905,2026-07-16T17:05:00,setl_4V0jo5CDCiKBzR,GGOA1HRDCWJ28EBX,2026-07-20T17:00:00
recon:1135,pay_ymEgvK9CO5tfkg,payment,,,order_000528,UPI,25086,0,0,25086,2026-08-10T16:11:00,setl_g9a5WKCidSlh3E,7548534651v4iicp,2026-08-12T17:00:00
recon:1136,pay_yo2XAcuVET6Zyy,payment,,,order_000054,UPI,156714,0,0,156714,2026-08-14T18:19:00,setl_toQCTLAGVSRZQz,8008529461djf52s,2026-08-18T17:00:00
recon:1137,pay_ysnosQHeDdxHak,payment,,,order_000529,UPI,2078917,0,0,2078917,2026-08-07T19:55:00,setl_K4r4AqbHWR1QSJ,HBSK160I4N87RGPK,2026-08-11T17:00:00
recon:1138,pay_yxdWofT6kfNSJd,payment,,,,CARD,1793144,35863,6455,1750826,2026-08-03T19:54:00,setl_ckhLew1bXwFZyr,974700026871,2026-08-05T17:00:00
recon:1139,pay_yyR3rY5V3JNBBF,payment,,,order_001121,UPI,228797,0,0,228797,2026-07-25T19:02:00,setl_l04NvnxPd5yp15,7311804671rgpa5u,2026-07-28T17:00:00
recon:1140,pay_yyfR9Q3IiP3whl,payment,,,order_000133,UPI,2105133,0,0,2105133,2026-07-20T17:05:00,setl_Fk6cmhmyNwwTjH,2092973521xwnpjk,2026-07-22T17:00:00
recon:1141,pay_z3TosZk6xvAnJU,payment,,,order_000728,UPI,1760697,0,0,1760697,2026-07-22T14:39:00,setl_gwP280Jo59JRJO,176484673571,2026-07-24T17:00:00
recon:1142,pay_z5dkyayq7YYDsB,payment,,,,UPI,128534,0,0,128534,2026-07-18T15:19:00,setl_uPHQccb6jE2RlU,JFKO1MH1BTOHNZ7F,2026-07-21T17:00:00
recon:1143,pay_zEl0p12Iq0NRC2,payment,,,order_000680,UPI,51872,0,0,51872,2026-07-16T18:01:00,setl_4V0jo5CDCiKBzR,GGOA1HRDCWJ28EBX,2026-07-20T17:00:00
recon:1144,pay_zKJ98dANSbJEjz,payment,,,order_001031,NETBANKING,2348848,24688,4444,2319716,2026-08-09T14:17:00,setl_K4r4AqbHWR1QSJ,HBSK160I4N87RGPK,2026-08-11T17:00:00
recon:1145,pay_zKjUeHPX7leKiu,payment,,,order_001048,CARD,1186980,23740,4273,1158967,2026-08-09T16:32:00,setl_K4r4AqbHWR1QSJ,HBSK160I4N87RGPK,2026-08-11T17:00:00
recon:1146,pay_zQxi95JcLlqkGF,payment,,,order_000454,UPI,375607,0,0,375607,2026-08-04T12:46:00,setl_zttIQWBFztKCLC,163656045001,2026-08-06T17:00:00
recon:1147,pay_zWXSItuLbKYc7i,payment,,,order_000527,UPI,1183622,0,0,1183622,2026-08-11T15:47:00,setl_actrKB2ty7ejUN,BAEX1WGIHN3VZW7Z,2026-08-13T17:00:00
recon:1148,pay_zXm4tfcIvyUUV4,payment,,,order_000482,UPI,1532939,0,0,1532939,2026-08-02T19:04:00,setl_Awp1O7n8ORK56S,31916543016vlohj,2026-08-04T17:00:00
recon:1149,pay_zXu5s0RU3BMzIe,payment,,,order_000760,UPI,2188668,0,0,2188668,2026-08-14T13:17:00,setl_toQCTLAGVSRZQz,8008529461djf52s,2026-08-18T17:00:00
recon:1150,pay_zZZakuiKGyRDaF,payment,,,order_000763,NETBANKING,1083956,12040,2167,1069749,2026-08-10T13:15:00,setl_g9a5WKCidSlh3E,7548534651v4iicp,2026-08-12T17:00:00
recon:1151,pay_zaI2Duj08s1oFR,payment,,,order_000564,CARD,137626,2753,496,134377,2026-08-14T14:08:00,setl_toQCTLAGVSRZQz,8008529461djf52s,2026-08-18T17:00:00
recon:1152,pay_zaemZ7q7FD7JL0,payment,,,order_000926,UPI,1657970,0,0,1657970,2026-07-24T12:43:00,setl_l04NvnxPd5yp15,7311804671rgpa5u,2026-07-28T17:00:00
recon:1153,pay_zcaqhT6iuQVDFD,payment,,,order_000535,UPI,1834883,0,0,1834883,2026-08-06T18:46:00,setl_7sAQBptvWq3587,HJWI1ETHZPPQR2SO,2026-08-10T17:00:00
recon:1154,pay_zdKJmxJseyGCWJ,payment,,,order_000114,UPI,347766,0,0,347766,2026-07-20T16:27:00,setl_Fk6cmhmyNwwTjH,2092973521xwnpjk,2026-07-22T17:00:00
recon:1155,pay_zeHUssS7mS2Jzg,payment,,,order_000567,CARD,1441715,28834,5190,1407691,2026-07-26T18:57:00,setl_l04NvnxPd5yp15,7311804671rgpa5u,2026-07-28T17:00:00
recon:1156,pay_zfwo4nQvvxsn8W,payment,,,,CARD,747916,14958,2692,730266,2026-07-21T19:07:00,setl_jOSX0CoSNm5HMM,JLPW1OWOIO11F6WC,2026-07-23T17:00:00
recon:1157,pay_zho1BUFrWTXLLr,payment,,,order_000424,UPI,1785278,0,0,1785278,2026-07-18T17:39:00,setl_uPHQccb6jE2RlU,JFKO1MH1BTOHNZ7F,2026-07-21T17:00:00
recon:1158,pay_ziX2H4Kblm41m1,payment,,,order_000215,UPI,1266169,0,0,1266169,2026-07-27T09:42:00,setl_o2J8tXhPJuja4Q,YMFM1D6SZO4XYEUR,2026-07-29T17:00:00
recon:1159,pay_zkDaQjm4lttflp,payment,,,order_000758,NETBANKING,312670,4327,779,307564,2026-07-17T12:12:00,setl_uPHQccb6jE2RlU,JFKO1MH1BTOHNZ7F,2026-07-21T17:00:00
recon:1160,pay_zlhTmbbKBlwI3H,payment,,,order_001096,UPI,113898,0,0,113898,2026-07-25T16:29:00,setl_l04NvnxPd5yp15,7311804671rgpa5u,2026-07-28T17:00:00
recon:1161,pay_zmOtuKfhkpHTX1,payment,,,order_000447,CARD,61024,1220,220,59584,2026-08-05T12:15:00,setl_ApwuSoEmcLVyrK,FOOC1HWIYOUNDX3A,2026-08-07T17:00:00
recon:1162,pay_zxL78g1ujbfD1T,payment,,,order_000459,UPI,1166225,0,0,1166225,2026-08-13T15:59:00,setl_eo7IJxd4ns4lm1,VXEB1PMT3SLQ0NGB,2026-08-17T17:00:00
recon:1163,pay_zykECBGNVBWj09,payment,,,order_000546,CARD,2365471,47309,8516,2309646,2026-07-30T12:24:00,setl_DIKPDzcK9HEnek,PHCZ1LI2YB3V7848,2026-08-03T17:00:00
recon:1164,rfnd_1kloOwuRkfzR3Q,refund,pay_Fp5zHXZj3YaxWa,rfnd_1kloOwuRkfzR3Q,order_001047,,-1856772,0,0,-1856772,2026-07-22T17:11:00,setl_Ezf6dJDcGlyMFY,823601071261,2026-07-24T17:00:00
recon:1165,rfnd_2P96h1x8Ngbod0,refund,pay_UtruWwzfJXuFNd,rfnd_2P96h1x8Ngbod0,order_000655,,-904628,0,0,-904628,2026-08-06T12:39:00,setl_7sAQBptvWq3587,HJWI1ETHZPPQR2SO,2026-08-10T17:00:00
recon:1166,rfnd_2Q7ZHsmcYMGHSo,refund,pay_y7zNPHsT9Md8X0,rfnd_2Q7ZHsmcYMGHSo,order_000279,,-6860,0,0,-6860,2026-07-20T18:14:00,setl_Fk6cmhmyNwwTjH,2092973521xwnpjk,2026-07-22T17:00:00
recon:1167,rfnd_2fW66tMIjJUlqy,refund,pay_zykECBGNVBWj09,rfnd_2fW66tMIjJUlqy,order_000546,,-1230044,0,0,-1230044,2026-08-03T13:42:00,setl_ckhLew1bXwFZyr,974700026871,2026-08-05T17:00:00
recon:1168,rfnd_2tYuBGVbtrDmgq,refund,pay_TWUAbaV1IM6jgV,rfnd_2tYuBGVbtrDmgq,order_000730,,-407929,0,0,-407929,2026-08-15T17:13:00,setl_toQCTLAGVSRZQz,8008529461djf52s,2026-08-18T17:00:00
recon:1169,rfnd_5YpfvklP6KS3gO,refund,pay_88Lag5EcEZxzIg,rfnd_5YpfvklP6KS3gO,order_000979,,-26744,0,0,-26744,2026-07-19T18:50:00,setl_uPHQccb6jE2RlU,JFKO1MH1BTOHNZ7F,2026-07-21T17:00:00
recon:1170,rfnd_6pKmwtm0vHRArq,refund,pay_vIHNOeqOr7r3sM,rfnd_6pKmwtm0vHRArq,order_000923,,-274886,0,0,-274886,2026-08-07T15:43:00,setl_K4r4AqbHWR1QSJ,HBSK160I4N87RGPK,2026-08-11T17:00:00
recon:1171,rfnd_6xTmrx0DGzO7hR,refund,pay_ziX2H4Kblm41m1,rfnd_6xTmrx0DGzO7hR,order_000215,,-1266169,0,0,-1266169,2026-07-28T10:43:00,setl_YEcxuqKeZl7OQe,NXIC1EVV1RBFYNU2,2026-07-30T17:00:00
recon:1172,rfnd_8InFTV0w562oCT,refund,pay_lscuwMP4psiMzE,rfnd_8InFTV0w562oCT,order_000697,,-22509,0,0,-22509,2026-08-11T17:15:00,setl_actrKB2ty7ejUN,BAEX1WGIHN3VZW7Z,2026-08-13T17:00:00
recon:1173,rfnd_8Sb24WKyEa8wtW,refund,pay_ySjTneAAvIDAdn,rfnd_8Sb24WKyEa8wtW,order_000032,,-44350,0,0,-44350,2026-07-30T18:25:00,setl_DIKPDzcK9HEnek,PHCZ1LI2YB3V7848,2026-08-03T17:00:00
recon:1174,rfnd_9TBQu96WK3Sla3,refund,pay_Zqyl0FDQ9zYT3u,rfnd_9TBQu96WK3Sla3,order_000960,,-1773100,0,0,-1773100,2026-07-30T16:56:00,setl_DIKPDzcK9HEnek,PHCZ1LI2YB3V7848,2026-08-03T17:00:00
recon:1175,rfnd_AWJhxeWgGXXuAC,refund,pay_cp43kr4OIsQ6eS,rfnd_AWJhxeWgGXXuAC,order_000533,,-687645,0,0,-687645,2026-07-30T16:40:00,setl_DIKPDzcK9HEnek,PHCZ1LI2YB3V7848,2026-08-03T17:00:00
recon:1176,rfnd_AvWeFzIdHAPYzS,refund,pay_iFe7eijgHk8Tpf,rfnd_AvWeFzIdHAPYzS,order_000889,,-1293474,0,0,-1293474,2026-08-11T13:49:00,setl_actrKB2ty7ejUN,BAEX1WGIHN3VZW7Z,2026-08-13T17:00:00
recon:1177,rfnd_BzByfFbFguJENy,refund,pay_6HKKSIHzWIPmsu,rfnd_BzByfFbFguJENy,order_000846,,-702317,0,0,-702317,2026-08-06T16:18:00,setl_7sAQBptvWq3587,HJWI1ETHZPPQR2SO,2026-08-10T17:00:00
recon:1178,rfnd_Df4U8pt1RP853m,refund,pay_fh6flUfluLO9bX,rfnd_Df4U8pt1RP853m,order_000750,,-1039457,0,0,-1039457,2026-07-28T17:59:00,setl_YEcxuqKeZl7OQe,NXIC1EVV1RBFYNU2,2026-07-30T17:00:00
recon:1179,rfnd_Dxd4MRxqBvRsX0,refund,pay_87TLqmG0NU3DBd,rfnd_Dxd4MRxqBvRsX0,order_000765,,-8467,0,0,-8467,2026-08-03T18:25:00,setl_ckhLew1bXwFZyr,974700026871,2026-08-05T17:00:00
recon:1180,rfnd_EYexq8pUOFMNmD,refund,pay_5pKHkRykirtrFj,rfnd_EYexq8pUOFMNmD,order_000154,,-894490,0,0,-894490,2026-07-26T17:51:00,setl_l04NvnxPd5yp15,7311804671rgpa5u,2026-07-28T17:00:00
recon:1181,rfnd_EgsA69fh18Ujwt,refund,pay_VHJLSKoCxzDXRL,rfnd_EgsA69fh18Ujwt,order_000159,,-35742,0,0,-35742,2026-08-13T17:42:00,setl_eo7IJxd4ns4lm1,VXEB1PMT3SLQ0NGB,2026-08-17T17:00:00
recon:1182,rfnd_FZBVZ6t5RMiwQg,refund,pay_p9X3zfb2nkyXzs,rfnd_FZBVZ6t5RMiwQg,order_000461,,-77789,0,0,-77789,2026-07-21T22:38:00,setl_jOSX0CoSNm5HMM,JLPW1OWOIO11F6WC,2026-07-23T17:00:00
recon:1183,rfnd_FflqzmowPOfvCW,refund,pay_S8RyZAySEi2vlg,rfnd_FflqzmowPOfvCW,order_000841,,-172076,0,0,-172076,2026-08-01T13:22:00,setl_Awp1O7n8ORK56S,31916543016vlohj,2026-08-04T17:00:00
recon:1184,rfnd_HW40pv36jAHdz3,refund,pay_JQNzoRleD5sn4Y,rfnd_HW40pv36jAHdz3,order_001161,,-322542,0,0,-322542,2026-07-21T13:09:00,setl_jOSX0CoSNm5HMM,JLPW1OWOIO11F6WC,2026-07-23T17:00:00
recon:1185,rfnd_IWw7b6MW5v716q,refund,pay_yFb3yyCconylQB,rfnd_IWw7b6MW5v716q,order_000700,,-1829788,0,0,-1829788,2026-08-05T18:17:00,setl_ApwuSoEmcLVyrK,FOOC1HWIYOUNDX3A,2026-08-07T17:00:00
recon:1186,rfnd_KAwatPMykDmi2k,refund,pay_XWYqtPcC9BzmRt,rfnd_KAwatPMykDmi2k,order_001190,,-854455,0,0,-854455,2026-08-05T16:47:00,setl_lxwhkHkDARnBtp,594898959651,2026-08-07T17:00:00
recon:1187,rfnd_KZ9l5hSlqsDQ7e,refund,pay_51n8MOhT9hf2Mi,rfnd_KZ9l5hSlqsDQ7e,order_000374,,-892206,0,0,-892206,2026-07-21T14:06:00,setl_jOSX0CoSNm5HMM,JLPW1OWOIO11F6WC,2026-07-23T17:00:00
recon:1188,rfnd_Ka6Dsi19zc5I6H,refund,pay_crAhhCkMuLypKb,rfnd_Ka6Dsi19zc5I6H,order_000654,,-621268,0,0,-621268,2026-07-27T18:24:00,setl_o2J8tXhPJuja4Q,YMFM1D6SZO4XYEUR,2026-07-29T17:00:00
recon:1189,rfnd_LtKmJfCpuKIWQq,refund,pay_IxC7shEi4VeuXU,rfnd_LtKmJfCpuKIWQq,order_000799,,-306832,0,0,-306832,2026-08-07T18:39:00,setl_K4r4AqbHWR1QSJ,HBSK160I4N87RGPK,2026-08-11T17:00:00
recon:1190,rfnd_M3kbjxjfpeaK10,refund,pay_9STjyUbS9BxdSg,rfnd_M3kbjxjfpeaK10,order_000616,,-62188,0,0,-62188,2026-07-27T13:50:00,setl_o2J8tXhPJuja4Q,YMFM1D6SZO4XYEUR,2026-07-29T17:00:00
recon:1191,rfnd_MEscosTsS3DeRo,refund,pay_g8WnOnqQfkplJe,rfnd_MEscosTsS3DeRo,order_000046,,-2305695,0,0,-2305695,2026-08-01T18:02:00,setl_Awp1O7n8ORK56S,31916543016vlohj,2026-08-04T17:00:00
recon:1192,rfnd_O6CZklta5lQKOM,refund,pay_x61nzgFYbAeF9O,rfnd_O6CZklta5lQKOM,order_000646,,-279913,0,0,-279913,2026-07-21T16:43:00,setl_jOSX0CoSNm5HMM,JLPW1OWOIO11F6WC,2026-07-23T17:00:00
recon:1193,rfnd_O6fgXpQQwkPNcK,refund,pay_ELzIG763SAIcY9,rfnd_O6fgXpQQwkPNcK,order_000158,,-1546017,0,0,-1546017,2026-07-24T21:05:00,setl_l04NvnxPd5yp15,7311804671rgpa5u,2026-07-28T17:00:00
recon:1194,rfnd_OMZpTktJaJAfo1,refund,pay_NWFOCWdnrJi7sC,rfnd_OMZpTktJaJAfo1,order_000051,,-682916,0,0,-682916,2026-08-07T21:33:00,setl_K4r4AqbHWR1QSJ,HBSK160I4N87RGPK,2026-08-11T17:00:00
recon:1195,rfnd_OapiLy38oRmqEj,refund,pay_57cBg7TYHum1JQ,rfnd_OapiLy38oRmqEj,order_000721,,-774179,0,0,-774179,2026-08-03T21:12:00,setl_ckhLew1bXwFZyr,974700026871,2026-08-05T17:00:00
recon:1196,rfnd_Oblj0VQpkGVSIm,refund,pay_zEl0p12Iq0NRC2,rfnd_Oblj0VQpkGVSIm,order_000680,,-51872,0,0,-51872,2026-07-20T20:03:00,setl_Fk6cmhmyNwwTjH,2092973521xwnpjk,2026-07-22T17:00:00
recon:1197,rfnd_PiLIRZm3itST5H,refund,pay_9RN3ORoApKjBt6,rfnd_PiLIRZm3itST5H,order_000328,,-143645,0,0,-143645,2026-08-15T19:28:00,setl_toQCTLAGVSRZQz,8008529461djf52s,2026-08-18T17:00:00
recon:1198,rfnd_QEBvblq4ekRW2a,refund,pay_SNEVt26SpkuRek,rfnd_QEBvblq4ekRW2a,order_000665,,-161081,0,0,-161081,2026-07-28T19:39:00,setl_YEcxuqKeZl7OQe,NXIC1EVV1RBFYNU2,2026-07-30T17:00:00
recon:1199,rfnd_QEEEnglyJOOI2Z,refund,pay_hHQrLHat4Ziu6p,rfnd_QEEEnglyJOOI2Z,order_000918,,-1558386,0,0,-1558386,2026-08-09T19:04:00,setl_K4r4AqbHWR1QSJ,HBSK160I4N87RGPK,2026-08-11T17:00:00
recon:1200,rfnd_SUA8niwspPfbEQ,refund,pay_XGcBHzEZZS0gCF,rfnd_SUA8niwspPfbEQ,order_000394,,-565462,0,0,-565462,2026-08-16T12:31:00,setl_toQCTLAGVSRZQz,8008529461djf52s,2026-08-18T17:00:00
recon:1201,rfnd_TVI6qaXts0wYz8,refund,pay_mvmRvqtV0XR2rm,rfnd_TVI6qaXts0wYz8,order_000524,,-13607,0,0,-13607,2026-08-18T15:11:00,setl_miHjNYoaibivzK,330303346771,2026-08-20T17:00:00
recon:1202,rfnd_VWuDkRr2vbcWaX,refund,pay_1niZYoSOfHjNCe,rfnd_VWuDkRr2vbcWaX,order_001002,,-612887,0,0,-612887,2026-07-27T22:42:00,setl_o2J8tXhPJuja4Q,YMFM1D6SZO4XYEUR,2026-07-29T17:00:00
recon:1203,rfnd_Vgi3c1BbSkeiG3,refund,pay_jKFO4Xm5l4Dakh,rfnd_Vgi3c1BbSkeiG3,order_000713,,-250520,0,0,-250520,2026-07-29T19:25:00,setl_JFwZldEZaZibqk,FVAC15GIFJTEMP1Z,2026-07-31T17:00:00
recon:1204,rfnd_WeYhdCLFQDh6qc,refund,pay_Hp1iS2EbcdrzAB,rfnd_WeYhdCLFQDh6qc,order_001098,,-225122,0,0,-225122,2026-08-14T19:40:00,setl_toQCTLAGVSRZQz,8008529461djf52s,2026-08-18T17:00:00
recon:1205,rfnd_WkIu3u02RZtrRS,refund,pay_O69wdssHO7eGmX,rfnd_WkIu3u02RZtrRS,order_000413,,-339141,0,0,-339141,2026-08-16T15:03:00,setl_toQCTLAGVSRZQz,8008529461djf52s,2026-08-18T17:00:00
recon:1206,rfnd_YivsxN28Bc5TXR,refund,pay_4nZRPjXTk9GHUM,rfnd_YivsxN28Bc5TXR,order_000624,,-687795,0,0,-687795,2026-07-24T21:06:00,setl_l04NvnxPd5yp15,7311804671rgpa5u,2026-07-28T17:00:00
recon:1207,rfnd_aKd0yXKh2oWOcK,refund,pay_AHIbNUkU7uxcj5,rfnd_aKd0yXKh2oWOcK,order_000855,,-1180216,0,0,-1180216,2026-07-22T12:41:00,setl_gwP280Jo59JRJO,176484673571,2026-07-24T17:00:00
recon:1208,rfnd_c4YIGWhfEQi5MI,refund,pay_igbmH36GRA0jMg,rfnd_c4YIGWhfEQi5MI,order_000273,,-370463,0,0,-370463,2026-08-15T23:23:00,setl_toQCTLAGVSRZQz,8008529461djf52s,2026-08-18T17:00:00
recon:1209,rfnd_dQ5HoOodgAvTEg,refund,pay_PqVEnm0Ir7JSri,rfnd_dQ5HoOodgAvTEg,order_000122,,-854670,0,0,-854670,2026-07-27T12:30:00,setl_o2J8tXhPJuja4Q,YMFM1D6SZO4XYEUR,2026-07-29T17:00:00
recon:1210,rfnd_e9lmONFlInwg3R,refund,pay_Rxgka9HaauytbZ,rfnd_e9lmONFlInwg3R,order_000842,,-786324,0,0,-786324,2026-07-26T14:55:00,setl_l04NvnxPd5yp15,7311804671rgpa5u,2026-07-28T17:00:00
recon:1211,rfnd_eKfJXhIkZG22fK,refund,pay_xbKBc9G3ZuYIFs,rfnd_eKfJXhIkZG22fK,order_000801,,-2448792,0,0,-2448792,2026-08-14T15:13:00,setl_toQCTLAGVSRZQz,8008529461djf52s,2026-08-18T17:00:00
recon:1212,rfnd_fUDOQSw2eYIzn9,refund,pay_XfzGVrS74xD8Fu,rfnd_fUDOQSw2eYIzn9,order_000171,,-1124637,0,0,-1124637,2026-08-09T20:02:00,setl_K4r4AqbHWR1QSJ,HBSK160I4N87RGPK,2026-08-11T17:00:00
recon:1213,rfnd_fwMZFbN5LAkx2q,refund,pay_tRz6jh7Y9Qm9Ou,rfnd_fwMZFbN5LAkx2q,order_000866,,-60251,0,0,-60251,2026-08-15T19:40:00,setl_toQCTLAGVSRZQz,8008529461djf52s,2026-08-18T17:00:00
recon:1214,rfnd_i41XJOLlX9iBG6,refund,pay_TUEHAXA0KeiuPe,rfnd_i41XJOLlX9iBG6,order_000106,,-408950,0,0,-408950,2026-08-03T15:06:00,setl_ckhLew1bXwFZyr,974700026871,2026-08-05T17:00:00
recon:1215,rfnd_iEFGRR4IShzaNm,refund,pay_fkKdfVsJ7FZ3a9,rfnd_iEFGRR4IShzaNm,order_000583,,-112307,0,0,-112307,2026-08-13T15:23:00,setl_eo7IJxd4ns4lm1,VXEB1PMT3SLQ0NGB,2026-08-17T17:00:00
recon:1216,rfnd_igGLquxMdyFadb,refund,pay_RUdo1MIWXJZznA,rfnd_igGLquxMdyFadb,order_001120,,-20033,0,0,-20033,2026-07-31T11:43:00,setl_Awp1O7n8ORK56S,31916543016vlohj,2026-08-04T17:00:00
recon:1217,rfnd_kdgvnmASJU7UIq,refund,pay_ykUeJ85fvMN5ET,rfnd_kdgvnmASJU7UIq,order_000205,,-45190,0,0,-45190,2026-07-19T18:21:00,setl_uPHQccb6jE2RlU,JFKO1MH1BTOHNZ7F,2026-07-21T17:00:00
recon:1218,rfnd_kxiVX3rU4hX5bv,refund,pay_QVlhaTiSakF8wH,rfnd_kxiVX3rU4hX5bv,order_000182,,-1117500,0,0,-1117500,2026-07-23T21:20:00,setl_Wqijn9nSjj8k6T,1944258921llwzdy,2026-07-27T17:00:00
recon:1219,rfnd_lazPuaynDoeQ0r,refund,pay_0uuJOmNn7Iz8Bh,rfnd_lazPuaynDoeQ0r,order_000539,,-667701,0,0,-667701,2026-07-22T12:26:00,setl_Ezf6dJDcGlyMFY,823601071261,2026-07-24T17:00:00
recon:1220,rfnd_ly0ox61zcjjMpN,refund,pay_nKONac7yn5Sh7s,rfnd_ly0ox61zcjjMpN,order_000849,,-54288,0,0,-54288,2026-07-24T15:36:00,setl_l04NvnxPd5yp15,7311804671rgpa5u,2026-07-28T17:00:00
recon:1221,rfnd_m0ZPm97MMhsUdV,refund,pay_Oauw0NEJjYr9uF,rfnd_m0ZPm97MMhsUdV,order_000885,,-166099,0,0,-166099,2026-07-26T16:13:00,setl_l04NvnxPd5yp15,7311804671rgpa5u,2026-07-28T17:00:00
recon:1222,rfnd_m2IsYjupdOYr3i,refund,pay_7iYmmIySxuMBOp,rfnd_m2IsYjupdOYr3i,order_000520,,-66838,0,0,-66838,2026-08-17T20:06:00,setl_eDqmctn1udjoIY,5022894661vl2vkm,2026-08-19T17:00:00
recon:1223,rfnd_mRTqqMV7bihPAB,refund,pay_TVu92x5XCV4nlu,rfnd_mRTqqMV7bihPAB,order_000800,,-1549835,0,0,-1549835,2026-07-20T15:52:00,setl_Fk6cmhmyNwwTjH,2092973521xwnpjk,2026-07-22T17:00:00
recon:1224,rfnd_n9HggUoIymmHQp,refund,pay_84A0xYTd0NrHcU,rfnd_n9HggUoIymmHQp,order_000311,,-788794,0,0,-788794,2026-08-16T14:10:00,setl_toQCTLAGVSRZQz,8008529461djf52s,2026-08-18T17:00:00
recon:1225,rfnd_o3MYQNaDyDYB4N,refund,pay_dtNOBegRdJds2y,rfnd_o3MYQNaDyDYB4N,order_000511,,-1614905,0,0,-1614905,2026-08-08T14:56:00,setl_K4r4AqbHWR1QSJ,HBSK160I4N87RGPK,2026-08-11T17:00:00
recon:1226,rfnd_o71CDDwz5LgNIo,refund,pay_iGfAv4dAqzmaR0,rfnd_o71CDDwz5LgNIo,order_001186,,-1514672,0,0,-1514672,2026-07-25T18:08:00,setl_l04NvnxPd5yp15,7311804671rgpa5u,2026-07-28T17:00:00
recon:1227,rfnd_oAhWuhDhHiFWxT,refund,pay_G2TExSLlCR9gl1,rfnd_oAhWuhDhHiFWxT,order_000421,,-73426,0,0,-73426,2026-08-12T21:01:00,setl_mvLvOR1E9aJ8BZ,STGC1QX9TMQUZYOF,2026-08-14T17:00:00
recon:1228,rfnd_oOrrb5FCCMszkd,refund,pay_dDAXl3OHm3L8CP,rfnd_oOrrb5FCCMszkd,order_001038,,-656376,0,0,-656376,2026-07-22T14:53:00,setl_gwP280Jo59JRJO,176484673571,2026-07-24T17:00:00
recon:1229,rfnd_olOmvQUCb3Ce1p,refund,pay_jv38q6lwDm5Pdz,rfnd_olOmvQUCb3Ce1p,order_000854,,-15501,0,0,-15501,2026-07-25T16:24:00,setl_l04NvnxPd5yp15,7311804671rgpa5u,2026-07-28T17:00:00
recon:1230,rfnd_pHAKRYlklfN3yN,refund,pay_WOT3gCkSt5bcuY,rfnd_pHAKRYlklfN3yN,order_000057,,-813791,0,0,-813791,2026-07-25T16:54:00,setl_l04NvnxPd5yp15,7311804671rgpa5u,2026-07-28T17:00:00
recon:1231,rfnd_plFsR5ZSJJovUy,refund,pay_woThq5YfYLBhwB,rfnd_plFsR5ZSJJovUy,order_001109,,-19623,0,0,-19623,2026-08-09T21:01:00,setl_K4r4AqbHWR1QSJ,HBSK160I4N87RGPK,2026-08-11T17:00:00
recon:1232,rfnd_qwbAhw3R9MmKKP,refund,pay_kdn0qE1OgCVvqx,rfnd_qwbAhw3R9MmKKP,order_000291,,-39343,0,0,-39343,2026-07-26T21:30:00,setl_l04NvnxPd5yp15,7311804671rgpa5u,2026-07-28T17:00:00
recon:1233,rfnd_ryblCoqPew5fs1,refund,pay_sCHwoLcDGNvBCD,rfnd_ryblCoqPew5fs1,order_000523,,-638490,0,0,-638490,2026-08-15T17:02:00,setl_toQCTLAGVSRZQz,8008529461djf52s,2026-08-18T17:00:00
recon:1234,rfnd_tISRtvoKZ4G8Aj,refund,pay_Kq85UbTMFBTW8i,rfnd_tISRtvoKZ4G8Aj,order_000839,,-1299179,0,0,-1299179,2026-07-23T11:41:00,setl_Wqijn9nSjj8k6T,1944258921llwzdy,2026-07-27T17:00:00
recon:1235,rfnd_tuXHEgRt7NnKRj,refund,pay_tg73CvORI0lmXg,rfnd_tuXHEgRt7NnKRj,order_000794,,-478792,0,0,-478792,2026-08-03T17:46:00,setl_ckhLew1bXwFZyr,974700026871,2026-08-05T17:00:00
recon:1236,rfnd_uoXhuogpVA3my5,refund,pay_kYbFGhe5pUCLLu,rfnd_uoXhuogpVA3my5,order_000390,,-732559,0,0,-732559,2026-08-01T12:37:00,setl_Awp1O7n8ORK56S,31916543016vlohj,2026-08-04T17:00:00
recon:1237,rfnd_wZ5CUmbSywUiq5,refund,pay_7WOddwPjSIYgiF,rfnd_wZ5CUmbSywUiq5,order_000306,,-705225,0,0,-705225,2026-07-19T16:38:00,setl_uPHQccb6jE2RlU,JFKO1MH1BTOHNZ7F,2026-07-21T17:00:00
recon:1238,rfnd_xxy8KcMjRC8xxC,refund,pay_xGZVRk8bj2MRYC,rfnd_xxy8KcMjRC8xxC,order_000102,,-676472,0,0,-676472,2026-07-30T16:25:00,setl_DIKPDzcK9HEnek,PHCZ1LI2YB3V7848,2026-08-03T17:00:00
recon:1239,rfnd_z084Gmj1RoXbmU,refund,pay_1hhJTsi3wtCBJ8,rfnd_z084Gmj1RoXbmU,order_000818,,-855982,0,0,-855982,2026-08-01T15:31:00,setl_Awp1O7n8ORK56S,31916543016vlohj,2026-08-04T17:00:00
recon:1240,rfnd_zlS6QvY34uDFbe,refund,pay_SDgDtRPTXDEo8o,rfnd_zlS6QvY34uDFbe,order_000355,,-775084,0,0,-775084,2026-07-22T20:55:00,setl_gwP280Jo59JRJO,176484673571,2026-07-24T17:00:00
